﻿{
  "Data": [
    {
      "SearchText": "XE021156191",
      "StartDate": "CurrentDate+95",
      "EndDate": "CurrentDate+96",
      "Hours": 1.5
    },
    {
      "SearchText": "XE021302994",
      "StartDate": "CurrentDate+92",
      "EndDate": "CurrentDate+93",
      "Hours": 1.5
    },
    {
      "SearchText": "XE021303009",
      "StartDate": "CurrentDate+46",
      "EndDate": "CurrentDate+47",
      "Hours": 1.5
    },
    {
      "SearchText": "XE021302608",
      "StartDate": "CurrentDate+147",
      "EndDate": "CurrentDate+148",
      "Hours": 1.5
    },
    {
      "SearchText": "XE021165584",
      "StartDate": "CurrentDate+105",
      "EndDate": "CurrentDate+106",
      "Hours": 1.5
    },
    {
      "SearchText": "XE021300576",
      "StartDate": "CurrentDate+327",
      "EndDate": "CurrentDate+328",
      "Hours": 1.5
    },
    {
      "SearchText": "XE021156191",
      "StartDate": "CurrentDate+356",
      "EndDate": "CurrentDate+357",
      "Hours": 1.5
    },
    {
      "SearchText": "XE021302994",
      "StartDate": "CurrentDate+174",
      "EndDate": "CurrentDate+175",
      "Hours": 1.5
    },
    {
      "SearchText": "XE021303009",
      "StartDate": "CurrentDate+84",
      "EndDate": "CurrentDate+85",
      "Hours": 1.5
    },
    {
      "SearchText": "XE021302608",
      "StartDate": "CurrentDate+125",
      "EndDate": "CurrentDate+126",
      "Hours": 1.5
    },
    {
      "SearchText": "XE021165584",
      "StartDate": "CurrentDate+110",
      "EndDate": "CurrentDate+111",
      "Hours": 1.5
    },
    {
      "SearchText": "XE021300576",
      "StartDate": "CurrentDate+244",
      "EndDate": "CurrentDate+245",
      "Hours": 1.5
    },
    {
      "SearchText": "XE021156191",
      "StartDate": "CurrentDate+24",
      "EndDate": "CurrentDate+25",
      "Hours": 1.5
    },
    {
      "SearchText": "XE021302994",
      "StartDate": "CurrentDate+113",
      "EndDate": "CurrentDate+114",
      "Hours": 1.5
    },
    {
      "SearchText": "XE021303009",
      "StartDate": "CurrentDate+264",
      "EndDate": "CurrentDate+265",
      "Hours": 1.5
    },
    {
      "SearchText": "XE021302608",
      "StartDate": "CurrentDate+242",
      "EndDate": "CurrentDate+243",
      "Hours": 1.5
    },
    {
      "SearchText": "XE021165584",
      "StartDate": "CurrentDate+86",
      "EndDate": "CurrentDate+87",
      "Hours": 1.5
    },
    {
      "SearchText": "XE021300576",
      "StartDate": "CurrentDate+55",
      "EndDate": "CurrentDate+56",
      "Hours": 1.5
    },
    {
      "SearchText": "B V, Remya",
      "StartDate": "CurrentDate+238",
      "EndDate": "CurrentDate+239",
      "Hours": 1.5
    },
    {
      "SearchText": "US015752680",
      "StartDate": "CurrentDate+222",
      "EndDate": "CurrentDate+223",
      "Hours": 1.5
    },
    {
      "SearchText": "XE021300576",
      "StartDate": "CurrentDate+376",
      "EndDate": "CurrentDate+377",
      "Hours": 1.5
    },
    {
      "SearchText": "US015752680",
      "StartDate": "CurrentDate+376",
      "EndDate": "CurrentDate+377",
      "Hours": 1.5
    },
    {
      "SearchText": "XE021302994",
      "StartDate": "CurrentDate+218",
      "EndDate": "CurrentDate+219",
      "Hours": 1.5
    },
    {
      "SearchText": "XE021303009",
      "StartDate": "CurrentDate+371",
      "EndDate": "CurrentDate+372",
      "Hours": 1.5
    },
    {
      "SearchText": "US015752680",
      "StartDate": "CurrentDate+223",
      "EndDate": "CurrentDate+224",
      "Hours": 1.5
    }
  ]
}