{
  "Data": [

    {
      "Add": [
        {
          "Engagement": {
            "BU": "",
            "DisableSetting": {
              "EC": "",
              "ECC": "",
              "EngagementView": false,
              "ES": "",
              "ESN": "",
              "IndividualView": false,
              "SF": false,
              "Suspend": false
            },
            "ECC": "",
            "IslikeEdit": false,
            "LE": "",
            "Link": false,
            "MC": "",
            "ReadOnly": false,
            "SA": "",
            "SL": "",
            "SMU": "",
            "SSL": ""
          },
          "Resource": {
            "BU": "",
            "DisableSetting": {
              "EngagementView": false,
              "InactiveResource": false,
              "IndividualView": false
            },
            "IslikeEdit": false,
            "LE": "",
            "Link": false,
            "MC": "",
            "ReadOnly": false,
            "SA": "",
            "SL": "",
            "SMU": "",
            "SSL": ""
          }
        }
      ],
      "Bookings": [
        {
          "DisableActionBooking": {
            "copy": false,
            "delete": false,
            "edit": false,
            "replace": false,
            "replaceall": false
          },
          "DisableCurrentWeek": {
            "add": false,
            "copy": false,
            "delete": false,
            "edit": false,
            "replace": false,
            "replaceall": false
          },
          "DisableSFBooking": {
            "delete": false,
            "edit": false
          }
        }
      ],
      "Delete": [
        {
          "Engagement": {
            "BU": "",
            "DisableSetting": {
              "EC": "",
              "ECC": "",
              "EngagementView": false,
              "ES": "",
              "ESN": "",
              "IndividualView": false,
              "SF": false,
              "Suspend": false
            },
            "ECC": "",
            "IslikeEdit": false,
            "LE": "",
            "Link": false,
            "MC": "",
            "ReadOnly": false,
            "SA": "",
            "SL": "",
            "SMU": "",
            "SSL": ""
          },
          "Resource": {
            "BU": "",
            "DisableSetting": {
              "EngagementView": false,
              "InactiveResource": false,
              "IndividualView": false
            },
            "IslikeEdit": false,
            "LE": "",
            "Link": false,
            "MC": "",
            "ReadOnly": false,
            "SA": "",
            "SL": "",
            "SMU": "",
            "SSL": ""
          }
        }
      ],
      "Edit": [
        {
          "Engagement": {
            "BU": "",
            "DisableSetting": {
              "EC": "",
              "ECC": "",
              "EngagementView": false,
              "ES": "",
              "ESN": "",
              "IndividualView": false,
              "SF": false,
              "Suspend": false
            },
            "ECC": "",
            "LE": "",
            "Link": false,
            "MC": "",
            "ReadOnly": false,
            "SA": "",
            "SL": "",
            "SMU": "",
            "SSL": ""
          },
          "Resource": {
            "BU": "",
            "DisableSetting": {
              "EngagementView": false,
              "InactiveResource": false,
              "IndividualView": false
            },
            "LE": "",
            "Link": false,
            "MC": "",
            "ReadOnly": false,
            "SA": "",
            "SL": "",
            "SMU": "",
            "SSL": ""
          }
        }
      ],
      "Replace": [
        {
          "Engagement": {
            "BU": "",
            "DisableSetting": {
              "EC": "",
              "ECC": "",
              "EngagementView": false,
              "ES": "",
              "ESN": "",
              "IndividualView": false,
              "SF": false,
              "Suspend": false
            },
            "ECC": "",
            "IslikeEdit": false,
            "LE": "",
            "Link": false,
            "MC": "",
            "ReadOnly": false,
            "SA": "",
            "SL": "",
            "SMU": "",
            "SSL": ""
          },
          "Resource": {
            "BU": "",
            "DisableSetting": {
              "EngagementView": false,
              "InactiveResource": false,
              "IndividualView": false
            },
            "IslikeEdit": false,
            "LE": "",
            "Link": false,
            "MC": "",
            "ReadOnly": false,
            "SA": "",
            "SL": "",
            "SMU": "",
            "SSL": ""
          }
        }
      ],
      "ReplaceAll": [
        {
          "Engagement": {
            "BU": "",
            "DisableSetting": {
              "EC": "",
              "ECC": "",
              "EngagementView": false,
              "ES": "",
              "ESN": "",
              "IndividualView": false,
              "SF": false,
              "Suspend": false
            },
            "ECC": "",
            "IslikeEdit": false,
            "LE": "",
            "Link": false,
            "MC": "",
            "ReadOnly": false,
            "SA": "",
            "SL": "",
            "SMU": "",
            "SSL": ""
          },
          "Resource": {
            "BU": "",
            "DisableSetting": {
              "InactiveResource": false,
              "IndividualView": false,
              "EngagementView": false
            },
            "IslikeEdit": false,
            "LE": "",
            "Link": false,
            "MC": "",
            "ReadOnly": false,
            "SA": "",
            "SL": "",
            "SMU": "",
            "SSL": ""
          }
        }
      ],
      "View": [
        {
          "Engagement": {
            "Link": false,
            "SA": "",
            "MC": "",
            "LE": "",
            "BU": "",
            "SL": "",
            "SSL": "",
            "SMU": "",
            "ECC": "",
            "DisableSetting": {
              "EC": "",
              "ES": "",
              "ESN": "",
              "ECC": "",
              "Suspend": false,
              "SF": false
            }
          },
          "Resource": {
            "Link": false,
            "InactiveResource": false,
            "SA": "",
            "MC": "",
            "LE": "",
            "BU": "",
            "SL": "",
            "SSL": "",
            "SMU": ""
          }
        }
      ]
    },
    {
      "Add": [
        {
          "Engagement": {
            "BU": "",
            "DisableSetting": {
              "EC": "",
              "ECC": "",
              "EngagementView": false,
              "ES": "",
              "ESN": "",
              "IndividualView": false,
              "SF": false,
              "Suspend": false
            },
            "ECC": "",
            "IslikeEdit": false,
            "LE": "",
            "Link": false,
            "MC": "",
            "ReadOnly": false,
            "SA": "",
            "SL": "",
            "SMU": "",
            "SSL": ""
          },
          "Resource": {
            "BU": "",
            "DisableSetting": {
              "EngagementView": false,
              "InactiveResource": false,
              "IndividualView": false
            },
            "IslikeEdit": false,
            "LE": "",
            "Link": false,
            "MC": "",
            "ReadOnly": false,
            "SA": "",
            "SL": "",
            "SMU": "",
            "SSL": ""
          }
        }
      ],
      "Bookings": [
        {
          "DisableActionBooking": {
            "copy": false,
            "delete": false,
            "edit": false,
            "replace": false,
            "replaceall": false
          },
          "DisableCurrentWeek": {
            "add": false,
            "copy": false,
            "delete": false,
            "edit": false,
            "replace": false,
            "replaceall": false
          },
          "DisableSFBooking": {
            "delete": false,
            "edit": false
          }
        }
      ],
      "Delete": [
        {
          "Engagement": {
            "BU": "",
            "DisableSetting": {
              "EC": "",
              "ECC": "",
              "EngagementView": false,
              "ES": "",
              "ESN": "",
              "IndividualView": false,
              "SF": false,
              "Suspend": false
            },
            "ECC": "",
            "IslikeEdit": false,
            "LE": "",
            "Link": false,
            "MC": "",
            "ReadOnly": false,
            "SA": "",
            "SL": "",
            "SMU": "",
            "SSL": ""
          },
          "Resource": {
            "BU": "",
            "DisableSetting": {
              "EngagementView": false,
              "InactiveResource": false,
              "IndividualView": false
            },
            "IslikeEdit": false,
            "LE": "",
            "Link": false,
            "MC": "",
            "ReadOnly": false,
            "SA": "",
            "SL": "",
            "SMU": "",
            "SSL": ""
          }
        }
      ],
      "Edit": [
        {
          "Engagement": {
            "BU": "",
            "DisableSetting": {
              "EC": "",
              "ECC": "",
              "EngagementView": false,
              "ES": "",
              "ESN": "",
              "IndividualView": false,
              "SF": false,
              "Suspend": false
            },
            "ECC": "",
            "LE": "",
            "Link": false,
            "MC": "",
            "ReadOnly": false,
            "SA": "",
            "SL": "",
            "SMU": "",
            "SSL": ""
          },
          "Resource": {
            "BU": "",
            "DisableSetting": {
              "EngagementView": false,
              "InactiveResource": false,
              "IndividualView": false
            },
            "LE": "",
            "Link": false,
            "MC": "",
            "ReadOnly": false,
            "SA": "",
            "SL": "",
            "SMU": "",
            "SSL": ""
          }
        }
      ],
      "Replace": [
        {
          "Engagement": {
            "BU": "",
            "DisableSetting": {
              "EC": "",
              "ECC": "",
              "EngagementView": false,
              "ES": "",
              "ESN": "",
              "IndividualView": false,
              "SF": false,
              "Suspend": false
            },
            "ECC": "",
            "IslikeEdit": false,
            "LE": "",
            "Link": false,
            "MC": "",
            "ReadOnly": false,
            "SA": "",
            "SL": "",
            "SMU": "",
            "SSL": ""
          },
          "Resource": {
            "BU": "",
            "DisableSetting": {
              "EngagementView": false,
              "InactiveResource": false,
              "IndividualView": false
            },
            "IslikeEdit": false,
            "LE": "",
            "Link": false,
            "MC": "",
            "ReadOnly": false,
            "SA": "",
            "SL": "",
            "SMU": "",
            "SSL": ""
          }
        }
      ],
      "ReplaceAll": [
        {
          "Engagement": {
            "BU": "",
            "DisableSetting": {
              "EC": "",
              "ECC": "",
              "EngagementView": false,
              "ES": "",
              "ESN": "",
              "IndividualView": false,
              "SF": false,
              "Suspend": false
            },
            "ECC": "",
            "IslikeEdit": false,
            "LE": "",
            "Link": false,
            "MC": "",
            "ReadOnly": false,
            "SA": "",
            "SL": "",
            "SMU": "",
            "SSL": ""
          },
          "Resource": {
            "BU": "",
            "DisableSetting": {
              "InactiveResource": false,
              "IndividualView": false,
              "EngagementView": false
            },
            "IslikeEdit": false,
            "LE": "",
            "Link": false,
            "MC": "",
            "ReadOnly": false,
            "SA": "",
            "SL": "",
            "SMU": "",
            "SSL": ""
          }
        }
      ],
      "View": [
        {
          "Engagement": {
            "Link": false,
            "SA": "",
            "MC": "",
            "LE": "",
            "BU": "",
            "SL": "",
            "SSL": "",
            "SMU": "",
            "ECC": "",
            "DisableSetting": {
              "EC": "",
              "ES": "",
              "ESN": "",
              "ECC": "",
              "Suspend": false,
              "SF": false
            }
          },
          "Resource": {
            "Link": false,
            "InactiveResource": false,
            "SA": "",
            "MC": "",
            "LE": "",
            "BU": "",
            "SL": "",
            "SSL": "",
            "SMU": ""
          }
        }
      ]
    }
  ]
}