{
  "CPI": [
    {
      "Scenario": "All",
      "RequiredIntegration": [
        {
          "PackageName": "Symphony SuccessFactors Outbound Integrations With Control-M-DEV",
          "ArtifactName": "EmployeeInfo MCPD SFEC to SFTP ControlM"
        },
        {
          "PackageName": "Symphony SuccessFactors Outbound Integrations With Control-M-DEV",
          "ArtifactName": "Employee Time-Off SFEC to SFTP ControlM"
        }
      ]
    },    
    {
      "Scenario": "EmployeeTimeOff",
      "RequiredIntegration": [
        {
          "PackageName": "Symphony SuccessFactors Outbound Integrations With Control-M-DEV",
          "ArtifactName": "EmployeeInfo MCPD SFEC to SFTP ControlM"
        },
        {
          "PackageName": "Symphony SuccessFactors Outbound Integrations With Control-M-DEV",
          "ArtifactName": "Employee Time-Off SFEC to SFTP ControlM"
        }
      ]
    },
    {
      "Scenario": "Termination",
      "RequiredIntegration": [
        {
          "PackageName": "Symphony SuccessFactors Outbound Integrations With Control-M-DEV",
          "ArtifactName": "EmployeeInfo MCPD SFEC to SFTP ControlM"
        }
      ]
    },
    {
      "Scenario": "NoShow",
      "RequiredIntegration": [
        {
          "PackageName": "Symphony SuccessFactors Outbound Integrations With Control-M-DEV",
          "ArtifactName": "EmployeeInfo MCPD SFEC to SFTP ControlM"
        }
      ]
    },
    {
      "Scenario": "AddressChange",
      "RequiredIntegration": [
        {
          "PackageName": "Symphony SuccessFactors Outbound Integrations With Control-M-DEV",
          "ArtifactName": "EmployeeInfo MCPD SFEC to SFTP ControlM"
        }
      ]
    },
    {
      "Scenario": "ClassChange",
      "RequiredIntegration": [
        {
          "PackageName": "Symphony SuccessFactors Outbound Integrations With Control-M-DEV",
          "ArtifactName": "EmployeeInfo MCPD SFEC to SFTP ControlM"
        }
      ]
    },
    {
      "Scenario": "DataChange",
      "RequiredIntegration": [
        {
          "PackageName": "Symphony SuccessFactors Outbound Integrations With Control-M-DEV",
          "ArtifactName": "EmployeeInfo MCPD SFEC to SFTP ControlM"
        }
      ]
    },
    {
      "Scenario": "GlobalAssignment",
      "RequiredIntegration": [
        {
          "PackageName": "Symphony SuccessFactors Outbound Integrations With Control-M-DEV",
          "ArtifactName": "EmployeeInfo MCPD SFEC to SFTP ControlM"
        },
        {
          "PackageName": "Symphony SuccessFactors Outbound Integrations With Control-M-DEV",
          "ArtifactName": "Global Assignment Data SF EC To EP Dev"
        }
      ]
    }
  ]
}