{
	"CPI": [
		{
			"environment": "itsdev1",
			"packagename": "Symphony SuccessFactors Outbound Integrations With Control-M-DEV",
			"integrations": [
				{
					"artifactshortname": "empjob",
					"artifactname": "EmployeeInfo MCPD SFEC to SFTP ControlM"
				}
			]
		},
		{
			"environment": "tst1",
			"packagename": "Symphony SuccessFactors Employee Central to SFTP Data Sync C_Pay",
			"integrations": [
				{
					"artifactshortname": "empjob",
					"artifactname": "EmployeeInfo MCPD SFEC to SFTP_C_Pay"
				},
				{
					"artifactshortname": "timeoff",
					"artifactname": "Employee Time-Off SFEC to SFTP_C_Pay"
				}
			]
		}
	]
}