{
  "data": [
    {
      "FO Group": "FO_Group1",
      "Execution Order": 1,
      "TDDH Table Name": "FO_GeographicArea",
      "Enum Values": "GeographicArea",
      "FO Object Class Name": "GeographicAreaFO",
      "IsCPI": false,
      "IsSFIC": true,
      "PackageName": "Symphony_EC_SFTP_cust_Geographic_area",
      "EC Entity Name": "cust_Geographic_area",
      "Create TC Name": "TC001_Create_FO_GeographicArea",
      "Validate TC Name": "TC047_Validate_FO_GeographicArea",
      "CS File Name": "GeographicArea.cs"
    },
    {
      "FO Group": "FO_Group1",
      "Execution Order": 2,
      "TDDH Table Name": "FO_GeographicRegion",
      "Enum Values": "GeographicRegion",
      "FO Object Class Name": "GeographicRegionFO",
      "IsCPI": false,
      "IsSFIC": true,
      "PackageName": "Symphony_EC_SFTP_FOLocatioFO_Group4roup",
      "EC Entity Name": "FOLocatioFO_Group4roup",
      "Create TC Name": "TC002_Create_FO_GeographicRegion",
      "Validate TC Name": "TC048_Validate_FO_GeographicRegion",
      "CS File Name": "GeographicRegion.cs"
    },
    {
      "FO Group": "FO_Group1",
      "Execution Order": 3,
      "TDDH Table Name": "FO_ManagerialCountry",
      "Enum Values": "ManagerialCountry",
      "FO Object Class Name": "ManagerialCountryFO",
      "IsCPI": false,
      "IsSFIC": true,
      "PackageName": "Symphony_EC_SFTP_cust_Managerial_Country",
      "EC Entity Name": "cust_Managerial_Country",
      "Create TC Name": "TC003_Create_FO_ManagerialCountry",
      "Validate TC Name": "TC049_Validate_FO_ManagerialCountry",
      "CS File Name": "ManagerialCountry.cs"
    },
    {
      "FO Group": "FO_Group1",
      "Execution Order": 4,
      "TDDH Table Name": "FO_ManagementArea",
      "Enum Values": "ManagementArea",
      "FO Object Class Name": "ManagementAreaFO",
      "IsCPI": false,
      "IsSFIC": true,
      "PackageName": "Symphony_EC_SFTP_cust_Region",
      "EC Entity Name": "cust_Region",
      "Create TC Name": "TC004_Create_FO_ManagementArea",
      "Validate TC Name": "TC050_Validate_FO_ManagementArea",
      "CS File Name": "ManagementArea.cs"
    },
    {
      "FO Group": "FO_Group1",
      "Execution Order": 5,
      "TDDH Table Name": "FO_ManagementRegion",
      "Enum Values": "ManagementRegion",
      "FO Object Class Name": "ManagementRegionFO",
      "IsCPI": true,
      "IsSFIC": false,
      "PackageName": "Business Unit SFEC to SFTP ControlM",
      "EC Entity Name": "FOBusinessUnit",
      "Create TC Name": "TC005_Create_FO_ManagementRegion",
      "Validate TC Name": "TC051_Validate_FO_ManagementRegion",
      "CS File Name": "ManagementRegion.cs"
    },
    {
      "FO Group": "FO_Group1",
      "Execution Order": 6,
      "TDDH Table Name": "FO_ManagementUnit",
      "Enum Values": "ManagementUnit",
      "FO Object Class Name": "ManagementUnitFO",
      "IsCPI": false,
      "IsSFIC": true,
      "PackageName": "Symphony_EC_SFTP_cust_Management_Unit",
      "EC Entity Name": "cust_Management_Unit",
      "Create TC Name": "TC006_Create_FO_ManagementUnit",
      "Validate TC Name": "TC052_Validate_FO_ManagementUnit",
      "CS File Name": "ManagementUnit.cs"
    },
    {
      "FO Group": "FO_Group1",
      "Execution Order": 7,
      "TDDH Table Name": "FO_SubManagementUnit",
      "Enum Values": "SubManagementUnit",
      "FO Object Class Name": "SubManagementUnitFO",
      "IsCPI": false,
      "IsSFIC": true,
      "PackageName": "Symphony_EC_SFTP_cust_sub_management",
      "EC Entity Name": "cust_sub_management_unit",
      "Create TC Name": "TC007_Create_FO_SubManagementUnit",
      "Validate TC Name": "TC053_Validate_FO_SubManagementUnit",
      "CS File Name": "SubManagementUnit.cs"
    },
    {
      "FO Group": "FO_Group1",
      "Execution Order": 8,
      "TDDH Table Name": "FO_OperatiFO_Group4Unit",
      "Enum Values": "OperatiFO_Group4Unit",
      "FO Object Class Name": "OperatiFO_Group4UnitFO",
      "IsCPI": false,
      "IsSFIC": true,
      "PackageName": "Symphony_EC_SFTP_cust_operation_unit",
      "EC Entity Name": "cust_operation_unit",
      "Create TC Name": "TC008_Create_FO_OperatiFO_Group4Unit",
      "Validate TC Name": "TC054_Validate_FO_OperatiFO_Group4Unit",
      "CS File Name": "OperatiFO_Group4Unit.cs"
    },
    {
      "FO Group": "FO_Group1",
      "Execution Order": 9,
      "TDDH Table Name": "FO_CostCenter",
      "Enum Values": "CostCenter",
      "FO Object Class Name": "CostCenterFO",
      "IsCPI": false,
      "IsSFIC": true,
      "PackageName": "Symphony_EC_SFTP_FOCostCenter",
      "EC Entity Name": "FOCostCenter",
      "Create TC Name": "TC009_Create_FO_CostCenter",
      "Validate TC Name": "TC055_Validate_FO_CostCenter",
      "CS File Name": "CostCenter.cs"
    },
    {
      "FO Group": "FO_Group1",
      "Execution Order": 10,
      "TDDH Table Name": "FO_CodeBlock",
      "Enum Values": "CodeBlock",
      "FO Object Class Name": "CodeBlockFO",
      "IsCPI": true,
      "IsSFIC": false,
      "PackageName": "Code Block SFEC to SFTP ControlM",
      "EC Entity Name": "cust_codeblock",
      "Create TC Name": "TC010_Create_FO_CodeBlock",
      "Validate TC Name": "TC056_Validate_FO_CodeBlock",
      "CS File Name": "CodeBlock.cs"
    },
    {
      "FO Group": "FO_Group1",
      "Execution Order": 11,
      "TDDH Table Name": "FO_Establishment",
      "Enum Values": "Establishment",
      "FO Object Class Name": "EstablishmentFO",
      "IsCPI": false,
      "IsSFIC": true,
      "PackageName": "Symphony_EC_SFTP_cust_establishmentid",
      "EC Entity Name": "cust_establishmentid",
      "Create TC Name": "TC011_Create_FO_Establishment",
      "Validate TC Name": "TC057_Validate_FO_Establishment",
      "CS File Name": "Establishment.cs"
    },
    {
      "FO Group": "FO_Group1",
      "Execution Order": 12,
      "TDDH Table Name": "FO_CorporateAddress",
      "Enum Values": "CorporateAddress",
      "FO Object Class Name": "CorporateAddressFO",
      "IsCPI": true,
      "IsSFIC": false,
      "PackageName": "CorporateAddress SFEC to SFTP Control M",
      "EC Entity Name": "FOCorporateAddressDEFLT",
      "Create TC Name": "TC012_Create_FO_CorporateAddress",
      "Validate TC Name": "TC058_Validate_FO_CorporateAddress",
      "CS File Name": "CorporateAddress.cs"
    },
    {
      "FO Group": "FO_Group1",
      "Execution Order": 13,
      "TDDH Table Name": "FO_GeoZone",
      "Enum Values": "GeoZone",
      "FO Object Class Name": "GeoZoneFO",
      "IsCPI": false,
      "IsSFIC": true,
      "PackageName": "Symphony_EC_SFTP_FOGeozone",
      "EC Entity Name": "FOGeozone",
      "Create TC Name": "TC013_Create_FO_GeoZone",
      "Validate TC Name": "TC059_Validate_FO_GeoZone",
      "CS File Name": "GeoZone.cs"
    },
    {
      "FO Group": "FO_Group1",
      "Execution Order": 14,
      "TDDH Table Name": "FO_Location",
      "Enum Values": "Location",
      "FO Object Class Name": "LocationFO",
      "IsCPI": true,
      "IsSFIC": false,
      "PackageName": "Location SFEC to SFTP Control M",
      "EC Entity Name": "FOLocation",
      "Create TC Name": "TC014_Create_FO_Location",
      "Validate TC Name": "TC060_Validate_FO_Location",
      "CS File Name": "Location.cs"
    },
    {
      "FO Group": "FO_Group1",
      "Execution Order": 15,
      "TDDH Table Name": "FO_LegalEntity",
      "Enum Values": "LegalEntity",
      "FO Object Class Name": "LegalEntityFO",
      "IsCPI": false,
      "IsSFIC": true,
      "PackageName": "Symphony_EC_SFTP_FOCompany",
      "EC Entity Name": "FOCompany",
      "Create TC Name": "TC015_Create_FO_LegalEntity",
      "Validate TC Name": "TC061_Validate_FO_LegalEntity",
      "CS File Name": "LegalEntity.cs"
    },
    {
      "FO Group": "FO_Group1",
      "Execution Order": 16,
      "TDDH Table Name": "FO_Speciality",
      "Enum Values": "Speciality",
      "FO Object Class Name": "SpecialityFO",
      "IsCPI": true,
      "IsSFIC": false,
      "PackageName": "Division SFEC to SFTP ControlM",
      "EC Entity Name": "FODivision",
      "Create TC Name": "TC016_Create_FO_Speciality",
      "Validate TC Name": "TC062_Validate_FO_Speciality",
      "CS File Name": "Speciality.cs"
    },
    {
      "FO Group": "FO_Group1",
      "Execution Order": 17,
      "TDDH Table Name": "FO_ServiceLine",
      "Enum Values": "ServiceLine",
      "FO Object Class Name": "ServiceLineFO",
      "IsCPI": false,
      "IsSFIC": true,
      "PackageName": "Symphony_EC_SFTP_cust_ServiceLine",
      "EC Entity Name": "cust_ServiceLine",
      "Create TC Name": "TC017_Create_FO_ServiceLine",
      "Validate TC Name": "TC063_Validate_FO_ServiceLine",
      "CS File Name": "ServiceLine.cs"
    },
    {
      "FO Group": "FO_Group1",
      "Execution Order": 18,
      "TDDH Table Name": "FO_SubServiceLine",
      "Enum Values": "SubServiceLine",
      "FO Object Class Name": "SubServiceLineFO",
      "IsCPI": true,
      "IsSFIC": false,
      "PackageName": "Sub Service Line SFEC to SFTP ControlM",
      "EC Entity Name": "cust_subServiceLine",
      "Create TC Name": "TC018_Create_FO_SubServiceLine",
      "Validate TC Name": "TC064_Validate_FO_SubServiceLine",
      "CS File Name": "SubServiceLine.cs"
    },
    {
      "FO Group": "FO_Group1",
      "Execution Order": 19,
      "TDDH Table Name": "FO_Department",
      "Enum Values": "Department",
      "FO Object Class Name": "DepartmentFO",
      "IsCPI": true,
      "IsSFIC": false,
      "PackageName": "Department SFEC To SFTP ControlM",
      "EC Entity Name": "FODepartment",
      "Create TC Name": "TC019_Create_FO_Department",
      "Validate TC Name": "TC065_Validate_FO_Department",
      "CS File Name": "Department.cs"
    },
    {
      "FO Group": "FO_Group2",
      "Execution Order": 20,
      "TDDH Table Name": "FO_JobFamilyGroup",
      "Enum Values": "JobFamilyGroup",
      "FO Object Class Name": "JobFamilyGroupFO",
      "IsCPI": false,
      "IsSFIC": true,
      "PackageName": "Symphony_EC_SFTP_cust_jobfamilygroup",
      "EC Entity Name": "cust_jobfamilygroup",
      "Create TC Name": "TC020_Create_FO_JobFamilyGroup",
      "Validate TC Name": "TC066_Validate_FO_JobFamilyGroup",
      "CS File Name": "JobFamilyGroup.cs"
    },
    {
      "FO Group": "FO_Group2",
      "Execution Order": 21,
      "TDDH Table Name": "FO_JobFamily",
      "Enum Values": "JobFamily",
      "FO Object Class Name": "JobFamilyFO",
      "IsCPI": true,
      "IsSFIC": false,
      "PackageName": "JobFamily SFEC To SFTP ControlM",
      "EC Entity Name": "cust_jobfamily",
      "Create TC Name": "TC021_Create_FO_JobFamily",
      "Validate TC Name": "TC067_Validate_FO_JobFamily",
      "CS File Name": "JobFamily.cs"
    },
    {
      "FO Group": "FO_Group2",
      "Execution Order": 22,
      "TDDH Table Name": "FO_CareerLevel",
      "Enum Values": "CareerLevel",
      "FO Object Class Name": "CareerLevelFO",
      "IsCPI": false,
      "IsSFIC": true,
      "PackageName": "Symphony_EC_SFTP_cust_Careerlevel",
      "EC Entity Name": "cust_Careerlevel",
      "Create TC Name": "TC022_Create_FO_CareerLevel",
      "Validate TC Name": "TC068_Validate_FO_CareerLevel",
      "CS File Name": "CareerLevel.cs"
    },
    {
      "FO Group": "FO_Group2",
      "Execution Order": 23,
      "TDDH Table Name": "FO_JobRoleType",
      "Enum Values": "JobRoleType",
      "FO Object Class Name": "JobRoleTypeFO",
      "IsCPI": true,
      "IsSFIC": false,
      "PackageName": "JobRoleType SFEC To SFTP ControlM",
      "EC Entity Name": "cust_jobroletype",
      "Create TC Name": "TC023_Create_FO_JobRoleType",
      "Validate TC Name": "TC069_Validate_FO_JobRoleType",
      "CS File Name": "JobRoleType.cs"
    },
    {
      "FO Group": "FO_Group2",
      "Execution Order": 24,
      "TDDH Table Name": "FO_JobFunction",
      "Enum Values": "JobFunction",
      "FO Object Class Name": "JobFunctionFO",
      "IsCPI": false,
      "IsSFIC": true,
      "PackageName": "Symphony_EC_SFTP_FOJobFunction",
      "EC Entity Name": "FOJobFunction",
      "Create TC Name": "TC024_Create_FO_JobFunction",
      "Validate TC Name": "TC070_Validate_FO_JobFunction",
      "CS File Name": "JobFunction.cs"
    },
    {
      "FO Group": "FO_Group2",
      "Execution Order": 25,
      "TDDH Table Name": "FO_RewardsDiversifier",
      "Enum Values": "RewardsDiversifier",
      "FO Object Class Name": "RewardsDiversifierFO",
      "IsCPI": true,
      "IsSFIC": false,
      "PackageName": "Rewards Diversifier SFEC to SFTP ControlM",
      "EC Entity Name": "cust_RewardsDiversifier",
      "Create TC Name": "TC025_Create_FO_RewardsDiversifier",
      "Validate TC Name": "TC071_Validate_FO_RewardsDiversifier",
      "CS File Name": "RewardsDiversifier.cs"
    },
    {
      "FO Group": "FO_Group2",
      "Execution Order": 26,
      "TDDH Table Name": "FO_Rank",
      "Enum Values": "Rank",
      "FO Object Class Name": "RankFO",
      "IsCPI": false,
      "IsSFIC": true,
      "PackageName": "Symphony_EC_SFTP_cust_rank",
      "EC Entity Name": "cust_rank",
      "Create TC Name": "TC026_Create_FO_Rank",
      "Validate TC Name": "TC072_Validate_FO_Rank",
      "CS File Name": "Rank.cs"
    },
    {
      "FO Group": "FO_Group2",
      "Execution Order": 27,
      "TDDH Table Name": "FO_ServiceType",
      "Enum Values": "ServiceType",
      "FO Object Class Name": "ServiceTypeFO",
      "IsCPI": false,
      "IsSFIC": true,
      "PackageName": "Symphony_EC_SFTP_cust_service_type",
      "EC Entity Name": "cust_service_type",
      "Create TC Name": "TC027_Create_FO_ServiceType",
      "Validate TC Name": "TC073_Validate_FO_ServiceType",
      "CS File Name": "ServiceType.cs"
    },
    {
      "FO Group": "FO_Group2",
      "Execution Order": 28,
      "TDDH Table Name": "FO_PayGrade",
      "Enum Values": "PayGrade",
      "FO Object Class Name": "PayGradeFO",
      "IsCPI": false,
      "IsSFIC": true,
      "PackageName": "Symphony_EC_SFTP_FOPayGrade",
      "EC Entity Name": "FOPayGrade",
      "Create TC Name": "TC028_Create_FO_PayGrade",
      "Validate TC Name": "TC074_Validate_FO_PayGrade",
      "CS File Name": "PayGrade.cs"
    },
    {
      "FO Group": "FO_Group2",
      "Execution Order": 29,
      "TDDH Table Name": "FO_ActivityType",
      "Enum Values": "ActivityType",
      "FO Object Class Name": "ActivityTypeFO",
      "IsCPI": false,
      "IsSFIC": true,
      "PackageName": "Symphony_EC_SFTP_cust_activity_type",
      "EC Entity Name": "cust_activity_type",
      "Create TC Name": "TC029_Create_FO_ActivityType",
      "Validate TC Name": "TC075_Validate_FO_ActivityType",
      "CS File Name": "ActivityType.cs"
    },
    {
      "FO Group": "FO_Group2",
      "Execution Order": 30,
      "TDDH Table Name": "FO_JobClassification",
      "Enum Values": "JobClassification",
      "FO Object Class Name": "JobClassificationFO",
      "IsCPI": true,
      "IsSFIC": false,
      "PackageName": "JobClassification SFEC to SFTP_NWC Control M",
      "EC Entity Name": "FOJobCode",
      "Create TC Name": "TC030_Create_FO_JobClassification",
      "Validate TC Name": "TC076_Validate_FO_JobClassification",
      "CS File Name": "JobClassification.cs"
    },
    {
      "FO Group": "FO_Group3",
      "Execution Order": 31,
      "TDDH Table Name": "FO_Frequency",
      "Enum Values": "Frequency",
      "FO Object Class Name": "FrequencyFO",
      "IsCPI": false,
      "IsSFIC": true,
      "PackageName": "Symphony_EC_SFTP_FOFrequency",
      "EC Entity Name": "FOFrequency",
      "Create TC Name": "TC031_Create_FO_Frequency",
      "Validate TC Name": "TC077_Validate_FO_Frequency",
      "CS File Name": "Frequency.cs"
    },
    {
      "FO Group": "FO_Group3",
      "Execution Order": 32,
      "TDDH Table Name": "FO_PayRaFO_Group4es",
      "Enum Values": "PayRaFO_Group4es",
      "FO Object Class Name": "PayRaFO_Group4esFO",
      "IsCPI": false,
      "IsSFIC": true,
      "PackageName": "Symphony_EC_SFTP_FOPayRaFO_Group4e",
      "EC Entity Name": "FOPayRaFO_Group4e",
      "Create TC Name": "TC032_Create_FO_PayRaFO_Group4es",
      "Validate TC Name": "TC078_Validate_FO_PayRaFO_Group4es",
      "CS File Name": "PayRaFO_Group4es.cs"
    },
    {
      "FO Group": "FO_Group3",
      "Execution Order": 33,
      "TDDH Table Name": "FO_PayGroup",
      "Enum Values": "PayGroup",
      "FO Object Class Name": "PayGroupFO",
      "IsCPI": false,
      "IsSFIC": true,
      "PackageName": "Symphony_EC_SFTP_FOPayGroup",
      "EC Entity Name": "FOPayGroup",
      "Create TC Name": "TC033_Create_FO_PayGroup",
      "Validate TC Name": "TC079_Validate_FO_PayGroup",
      "CS File Name": "PayGroup.cs"
    },
    {
      "FO Group": "FO_Group3",
      "Execution Order": 34,
      "TDDH Table Name": "FO_PayComponentGroup",
      "Enum Values": "PayComponentGroup",
      "FO Object Class Name": "PayComponentGroupFO",
      "IsCPI": true,
      "IsSFIC": false,
      "PackageName": "Pay Component Group SFEC to SFTP Control M",
      "EC Entity Name": "FOPayComponentGroup",
      "Create TC Name": "TC034_Create_FO_PayComponentGroup",
      "Validate TC Name": "TC080_Validate_FO_PayComponentGroup",
      "CS File Name": "PayComponentGroup.cs"
    },
    {
      "FO Group": "FO_Group3",
      "Execution Order": 35,
      "TDDH Table Name": "FO_PayComponent",
      "Enum Values": "PayComponent",
      "FO Object Class Name": "PayComponentFO",
      "IsCPI": false,
      "IsSFIC": true,
      "PackageName": "Symphony_EC_SFTP_FOPayComponent",
      "EC Entity Name": "FOPayComponent",
      "Create TC Name": "TC035_Create_FO_PayComponent",
      "Validate TC Name": "TC081_Validate_FO_PayComponent",
      "CS File Name": "PayComponent.cs"
    },
    {
      "FO Group": "FO_Group4",
      "Execution Order": 36,
      "TDDH Table Name": "FO_Bank",
      "Enum Values": "Bank",
      "FO Object Class Name": "BankFO",
      "IsCPI": false,
      "IsSFIC": true,
      "PackageName": "Symphony_EC_SFTP_Bank_Export",
      "EC Entity Name": "Bank",
      "Create TC Name": "TC036_Create_FO_Bank",
      "Validate TC Name": "TC082_Validate_FO_Bank",
      "CS File Name": "Bank.cs"
    },
    {
      "FO Group": "FO_Group4",
      "Execution Order": 37,
      "TDDH Table Name": "FO_BelgiumWeeklyHours",
      "Enum Values": "BelgiumWeeklyHours",
      "FO Object Class Name": "BelgiumWeeklyHoursFO",
      "IsCPI": false,
      "IsSFIC": true,
      "PackageName": "Symphony_EC_SFTP_cust_BELGIUM_ACTUAL_WEEKLY_HOURS",
      "EC Entity Name": "cust_BELGIUM_ACTUAL_WEEKLY_HOURS",
      "Create TC Name": "TC037_Create_FO_BelgiumWeeklyHours",
      "Validate TC Name": "TC083_Validate_FO_BelgiumWeeklyHours",
      "CS File Name": "BelgiumWeeklyHours.cs"
    },
    {
      "FO Group": "FO_Group4",
      "Execution Order": 38,
      "TDDH Table Name": "FO_BrazilCNPJ",
      "Enum Values": "BrazilCNPJ",
      "FO Object Class Name": "BrazilCNPJFO",
      "IsCPI": false,
      "IsSFIC": true,
      "PackageName": "Symphony_EC_SFTP_cust_Brazilcnpj",
      "EC Entity Name": "cust_Brazilcnpj",
      "Create TC Name": "TC038_Create_FO_BrazilCNPJ",
      "Validate TC Name": "TC084_Validate_FO_BrazilCNPJ",
      "CS File Name": "BrazilCNPJ.cs"
    },
    {
      "FO Group": "FO_Group4",
      "Execution Order": 39,
      "TDDH Table Name": "FO_CurrencyExchaFO_Group4eRate",
      "Enum Values": "CurrencyExchaFO_Group4eRate",
      "FO Object Class Name": "CurrencyExchaFO_Group4eRateFO",
      "IsCPI": false,
      "IsSFIC": true,
      "PackageName": "Symphony_EC_SFTP_CurrencyExchaFO_Group4eRate",
      "EC Entity Name": "CurrencyExchaFO_Group4eRate",
      "Create TC Name": "TC039_Create_FO_CurrencyExchaFO_Group4eRate",
      "Validate TC Name": "TC085_Validate_FO_CurrencyExchaFO_Group4eRate",
      "CS File Name": "CurrencyExchaFO_Group4eRate.cs"
    },
    {
      "FO Group": "FO_Group4",
      "Execution Order": 40,
      "TDDH Table Name": "FO_EventReason",
      "Enum Values": "EventReason",
      "FO Object Class Name": "EventReasonFO",
      "IsCPI": false,
      "IsSFIC": true,
      "PackageName": "Symphony_EC_SFTP_FOEventReason",
      "EC Entity Name": "FOEventReason",
      "Create TC Name": "TC040_Create_FO_EventReason",
      "Validate TC Name": "TC086_Validate_FO_EventReason",
      "CS File Name": "EventReason.cs"
    },
    {
      "FO Group": "FO_Group4",
      "Execution Order": 41,
      "TDDH Table Name": "FO_JobClassificationCS",
      "Enum Values": "JobClassificationCS",
      "FO Object Class Name": "JobClassificationCSFO",
      "IsCPI": false,
      "IsSFIC": true,
      "PackageName": "Symphony_EC_SFTP_JobClassificationCountry",
      "EC Entity Name": "cust_jobclassificationcs",
      "Create TC Name": "TC041_Create_FO_JobClassificationCS",
      "Validate TC Name": "TC087_Validate_FO_JobClassificationCS",
      "CS File Name": "JobClassificationCS.cs"
    },
    {
      "FO Group": "FO_Group4",
      "Execution Order": 42,
      "TDDH Table Name": "FO_LegalEntityCS",
      "Enum Values": "LegalEntityCS",
      "FO Object Class Name": "LegalEntityCSFO",
      "IsCPI": false,
      "IsSFIC": true,
      "PackageName": "Symphony_EC_SFTP_CSFOCompany",
      "EC Entity Name": "CSFOCompany",
      "Create TC Name": "TC042_Create_FO_LegalEntityCS",
      "Validate TC Name": "TC088_Validate_FO_LegalEntityCS",
      "CS File Name": "LegalEntityCS.cs"
    },
    {
      "FO Group": "FO_Group4",
      "Execution Order": 43,
      "TDDH Table Name": "FO_NameFormat",
      "Enum Values": "NameFormat",
      "FO Object Class Name": "NameFormatFO",
      "IsCPI": true,
      "IsSFIC": false,
      "PackageName": "Name Format SFEC to SFTP ControlM",
      "EC Entity Name": "NameFormatGO",
      "Create TC Name": "TC043_Create_FO_NameFormat",
      "Validate TC Name": "TC089_Validate_FO_NameFormat",
      "CS File Name": "NameFormat.cs"
    },
    {
      "FO Group": "FO_Group4",
      "Execution Order": 44,
      "TDDH Table Name": "FO_ProficiencyLevel",
      "Enum Values": "ProficiencyLevel",
      "FO Object Class Name": "ProficiencyLevelFO",
      "IsCPI": false,
      "IsSFIC": true,
      "PackageName": "Symphony_EC_SFTP_cust_proficiency_level",
      "EC Entity Name": "cust_proficiency_level",
      "Create TC Name": "TC044_Create_FO_ProficiencyLevel",
      "Validate TC Name": "TC090_Validate_FO_ProficiencyLevel",
      "CS File Name": "ProficiencyLevel.cs"
    },
    {
      "FO Group": "FO_Group4",
      "Execution Order": 45,
      "TDDH Table Name": "FO_WorkSchedule",
      "Enum Values": "WorkSchedule",
      "FO Object Class Name": "WorkScheduleFO",
      "IsCPI": true,
      "IsSFIC": false,
      "PackageName": "Work Schedule SFEC to SFTP Control M",
      "EC Entity Name": "WorkSchedule",
      "Create TC Name": "TC045_Create_FO_WorkSchedule",
      "Validate TC Name": "TC091_Validate_FO_WorkSchedule",
      "CS File Name": "WorkSchedule.cs"
    },
    {
      "FO Group": "FO_Group1",
      "Execution Order": 46,
      "TDDH Table Name": "FO_BusinessUnit_Finance",
      "Enum Values": "BusinessUnit_Finance",
      "FO Object Class Name": "BusinessUnit_FinanceFO",
      "IsCPI": false,
      "IsSFIC": true,
      "PackageName": "Symphony_EC_SFTP_cust_business_unit_finance",
      "EC Entity Name": "cust_business_unit_finance",
      "Create TC Name": "TC046_Create_FO_BusinessUnit_Finance",
      "Validate TC Name": "TC092_Validate_FO_BusinessUnit_Finance",
      "CS File Name": "BusinessUnit_Finance.cs"
    },
    {
      "FO Group": "JOB",
      "Execution Order": 47,
      "TDDH Table Name": "-",
      "Enum Values": "job",
      "FO Object Class Name": "-",
      "IsCPI": true,
      "IsSFIC": false,
      "PackageName": "EmployeeInfo MCPD SFEC to SFTP ControlM",
      "EC Entity Name": "-",
      "Create TC Name": "-",
      "Validate TC Name": "-",
      "CS File Name": "-"
    },
    {
      "FO Group": "JOB",
      "Execution Order": 48,
      "TDDH Table Name": "-",
      "Enum Values": "timeoff",
      "FO Object Class Name": "-",
      "IsCPI": true,
      "IsSFIC": false,
      "PackageName": "Employee Time-Off SFEC to SFTP ControlM",
      "EC Entity Name": "-",
      "Create TC Name": "-",
      "Validate TC Name": "-",
      "CS File Name": "-"
    }
  ]
}