{
  "data": [
    {
      "FOObject": "FO_CostCenter",
      "IsCPI": true,
      "IsSFIC": false,
      "PackageName": "CostCenter SFEC to ADP ControlM"
    },
    {
      "FOObject": "FO_CodeBlock",
      "IsCPI": true,
      "IsSFIC": false,
      "PackageName": "Code Block SFEC to SFTP ControlM"
    },
    {
      "FOObject": "FO_CorporateAddress",
      "IsCPI": true,
      "IsSFIC": false,
      "PackageName": "CorporateAddress SFEC to SFTP Control M"
    },
    {
      "FOObject": "FO_Department",
      "IsCPI": true,
      "IsSFIC": false,
      "PackageName": "Department SFEC To SFTP ControlM"
    },
    {
      "FOObject": "FO_JobClassification",
      "IsCPI": true,
      "IsSFIC": false,
      "PackageName": "JobClassification SFEC to SFTP_NWC Control M"
    },
    {
      "FOObject": "FO_JobFamily",
      "IsCPI": true,
      "IsSFIC": false,
      "PackageName": "JobFamily SFEC To SFTP ControlM"
    },
    {
      "FOObject": "FO_JobRoleType",
      "IsCPI": true,
      "IsSFIC": false,
      "PackageName": "JobRoleType SFEC To SFTP ControlM"
    },
    {
      "FOObject": "FO_Location",
      "IsCPI": true,
      "IsSFIC": false,
      "PackageName": "Location SFEC to SFTP Control M"
    },
    {
      "FOObject": "FO_NameFormat",
      "IsCPI": true,
      "IsSFIC": false,
      "PackageName": "Name Format SFEC to SFTP ControlM"
    },
    {
      "FOObject": "FO_PayComponentGroup",
      "IsCPI": true,
      "IsSFIC": false,
      "PackageName": "Pay Component Group SFEC to SFTP Control M"
    },
    {
      "FOObject": "FO_RewardsDiversifier",
      "IsCPI": true,
      "IsSFIC": false,
      "PackageName": "Rewards Diversifier SFEC to SFTP ControlM"
    },
    {
      "FOObject": "FO_Speciality",
      "IsCPI": true,
      "IsSFIC": false,
      "PackageName": "Division SFEC to SFTP ControlM"
    },
    {
      "FOObject": "FO_SubServiceLine",
      "IsCPI": true,
      "IsSFIC": false,
      "PackageName": "Sub Service Line SFEC to SFTP ControlM"
    },
    {
      "FOObject": "FO_WorkSchedule",
      "IsCPI": true,
      "IsSFIC": false,
      "PackageName": "Work Schedule SFEC to SFTP Control M"
    },
    {
      "FOObject": "FO_ActivityType",
      "IsCPI": false,
      "IsSFIC": true,
      "PackageName": "Symphony_EC_SFTP_cust_activity_type"
    },
    {
      "FOObject": "FO_Bank",
      "IsCPI": false,
      "IsSFIC": true,
      "PackageName": "Symphony_EC_SFTP_Bank_Export"
    },
    {
      "FOObject": "FO_BelgiumWeeklyHours",
      "IsCPI": false,
      "IsSFIC": true,
      "PackageName": "Symphony_EC_SFTP_cust_BELGIUM_ACTUAL_WEEKLY_HOURS"
    },
    {
      "FOObject": "FO_BrazilCNPJ",
      "IsCPI": false,
      "IsSFIC": true,
      "PackageName": "Symphony_EC_SFTP_cust_Brazilcnpj"
    },
    {
      "FOObject": "FO_CareerLevel",
      "IsCPI": false,
      "IsSFIC": true,
      "PackageName": "Symphony_EC_SFTP_cust_Careerlevel"
    },
    {
      "FOObject": "FO_CurrencyExchangeRate",
      "IsCPI": false,
      "IsSFIC": true,
      "PackageName": "Symphony_EC_SFTP_CurrencyExchangeRate"
    },
    {
      "FOObject": "FO_Establishment",
      "IsCPI": false,
      "IsSFIC": true,
      "PackageName": "Symphony_EC_SFTP_cust_establishmentid"
    },
    {
      "FOObject": "FO_EventReason",
      "IsCPI": false,
      "IsSFIC": true,
      "PackageName": "Symphony_EC_SFTP_FOEventReason"
    },
    {
      "FOObject": "FO_Frequency",
      "IsCPI": false,
      "IsSFIC": true,
      "PackageName": "Symphony_EC_SFTP_FOFrequency"
    },
    {
      "FOObject": "FO_GeographicArea",
      "IsCPI": false,
      "IsSFIC": true,
      "PackageName": "Symphony_EC_SFTP_cust_Geographic_area"
    },
    {
      "FOObject": "FO_GeographicRegion",
      "IsCPI": false,
      "IsSFIC": true,
      "PackageName": "Symphony_EC_SFTP_cust_Region"
    },
    {
      "FOObject": "FO_GeoZone",
      "IsCPI": false,
      "IsSFIC": true,
      "PackageName": "Symphony_EC_SFTP_FOGeozone"
    },
    {
      "FOObject": "FO_JobClassificationCS",
      "IsCPI": false,
      "IsSFIC": true,
      "PackageName": "Symphony_EC_SFTP_JobClassificationCountry"
    },
    {
      "FOObject": "FO_JobFamilyGroup",
      "IsCPI": false,
      "IsSFIC": true,
      "PackageName": "Symphony_EC_SFTP_cust_jobfamilygroup"
    },
    {
      "FOObject": "FO_JobFunction",
      "IsCPI": false,
      "IsSFIC": true,
      "PackageName": "Symphony_EC_SFTP_FOJobFunction"
    },
    {
      "FOObject": "FO_LegalEntity",
      "IsCPI": false,
      "IsSFIC": true,
      "PackageName": "Symphony_EC_SFTP_FOCompany"
    },
    {
      "FOObject": "FO_LegalEntityCS",
      "IsCPI": false,
      "IsSFIC": true,
      "PackageName": "Symphony_EC_SFTP_CSFOCompany"
    },
    {
      "FOObject": "FO_ManagementUnit",
      "IsCPI": false,
      "IsSFIC": true,
      "PackageName": "Symphony_EC_SFTP_cust_Management_Unit"
    },
    {
      "FOObject": "FO_ManagerialCountry",
      "IsCPI": false,
      "IsSFIC": true,
      "PackageName": "Symphony_EC_SFTP_cust_Managerial_Country"
    },
    {
      "FOObject": "FO_OperatingUnit",
      "IsCPI": false,
      "IsSFIC": true,
      "PackageName": "Symphony_EC_SFTP_cust_operation_unit"
    },
    {
      "FOObject": "FO_PayComponent",
      "IsCPI": false,
      "IsSFIC": true,
      "PackageName": "Symphony_EC_SFTP_FOPayComponent"
    },
    {
      "FOObject": "FO_PayGrade",
      "IsCPI": false,
      "IsSFIC": true,
      "PackageName": "Symphony_EC_SFTP_FOPayGrade"
    },
    {
      "FOObject": "FO_PayGroup",
      "IsCPI": false,
      "IsSFIC": true,
      "PackageName": "Symphony_EC_SFTP_FOPayGroup"
    },
    {
      "FOObject": "FO_PayRanges",
      "IsCPI": false,
      "IsSFIC": true,
      "PackageName": "Symphony_EC_SFTP_FOPayRange"
    },
    {
      "FOObject": "FO_ProficiencyLevel",
      "IsCPI": false,
      "IsSFIC": true,
      "PackageName": "Symphony_EC_SFTP_cust_proficiency_level"
    },
    {
      "FOObject": "FO_Rank",
      "IsCPI": false,
      "IsSFIC": true,
      "PackageName": "Symphony_EC_SFTP_cust_rank"
    },
    {
      "FOObject": "FO_ServiceLine",
      "IsCPI": false,
      "IsSFIC": true,
      "PackageName": "Symphony_EC_SFTP_cust_ServiceLine"
    },
    {
      "FOObject": "FO_ServiceType",
      "IsCPI": false,
      "IsSFIC": true,
      "PackageName": "Symphony_EC_SFTP_cust_service_type"
    },
    {
      "FOObject": "FO_SubManagementUnit",
      "IsCPI": false,
      "IsSFIC": true,
      "PackageName": "Symphony_EC_SFTP_cust_sub_management"
    },
    {
      "FOObject": "FO_ManagementArea",
      "IsCPI": false,
      "IsSFIC": false,
      "PackageName": ""
    },
    {
      "FOObject": "FO_ManagementRegion",
      "IsCPI": true,
      "IsSFIC": false,
      "PackageName": "Business Unit SFEC to SFTP ControlM"
    }

  ]
}