{
    "Prop": [
        {
            "Country_Code": "ABW",
            "Country": "Aruba",
            "National_ID_Type": "IDNR",
            "National_ID_Desc": "ID Number",
            "Display_Format": "NNNN.NN.NN.NN",
            "Regular_Expression": "[\\d]{4}.[\\d]{2}.[\\d]{2}.[\\d]{2}"
        },
        {
            "Country_Code": "AFG",
            "Country": "Afghanistan",
            "National_ID_Type": "TAZK",
            "National_ID_Desc": "TAZK National Identity",
            "Display_Format": "Open Text Field. No Format",
            "Regular_Expression": "[0-9a-zA-Z]{0-20}"
        },
        {
            "Country_Code": "AGO",
            "Country": "Angola",
            "National_ID_Type": "NBI1",
            "National_ID_Desc": "NumBI 1",
            "Display_Format": "XXXXXXXXXAAXXX",
            "Regular_Expression": "[0-9a-zA-Z]{9}[A-Z]{2}[0-9a-zA-Z]{3}"
        },
        {
            "Country_Code": "AGO",
            "Country": "Angola",
            "National_ID_Type": "NBI2",
            "National_ID_Desc": "NumBI 2",
            "Display_Format": "XXXXXXXXXXXXXXX",
            "Regular_Expression": "[0-9a-zA-Z]{15}"
        },
        {
            "Country_Code": "ALB",
            "Country": "Albania",
            "National_ID_Type": "PID",
            "National_ID_Desc": "ID Card number",
            "Display_Format": "NNNNNNNNN",
            "Regular_Expression": "[\\d]{9}"
        },
        {
            "Country_Code": "ARE",
            "Country": "United Arab Emirates",
            "National_ID_Type": "EmiratesID",
            "National_ID_Desc": "Emirates ID",
            "Display_Format": "NNN-NNNN-NNNNNNN-N",
            "Regular_Expression": "^[\\d]{3}-[\\d]{4}-[\\d]{7}-[\\d]{1}$"
        },
        {
            "Country_Code": "ARG",
            "Country": "Argentina",
            "National_ID_Type": "cuil",
            "National_ID_Desc": "CUIL",
            "Display_Format": "NN-NNNNNNNN-N",
            "Regular_Expression": "[\\d]{2}-[\\d]{8}-[\\d]{1}"
        },
        {
            "Country_Code": "ARG",
            "Country": "Argentina",
            "National_ID_Type": "DNI",
            "National_ID_Desc": "DNI - Documento Nacional de Identidad",
            "Display_Format": "NNNNNNNN",
            "Regular_Expression": "[\\d]{8}"
        },
        {
            "Country_Code": "ARM",
            "Country": "Armenia",
            "National_ID_Type": "WB",
            "National_ID_Desc": "Work Book",
            "Display_Format": "Open Text Field. No Format",
            "Regular_Expression": "[0-9a-zA-Z]{0-20}"
        },
        {
            "Country_Code": "ARM",
            "Country": "Armenia",
            "National_ID_Type": "SSN",
            "National_ID_Desc": "Social Services Number ",
            "Display_Format": "NNNNNNNNNN",
            "Regular_Expression": "[\\d]{10}"
        },
        {
            "Country_Code": "ARM",
            "Country": "Armenia",
            "National_ID_Type": "IC ",
            "National_ID_Desc": "Identity Card ",
            "Display_Format": "NNNNNNNNN",
            "Regular_Expression": "[\\d]{9}"
        },
        {
            "Country_Code": "AUS",
            "Country": "Australia",
            "National_ID_Type": "TFN",
            "National_ID_Desc": "TFN - Tax File Number",
            "Display_Format": "NNN NNN NNN",
            "Regular_Expression": "[\\d]{3} [\\d]{3} [\\d]{3}"
        },
        {
            "Country_Code": "AUT",
            "Country": "Austria",
            "National_ID_Type": "SocialSecurityNumber",
            "National_ID_Desc": "Sozialversicherungsnummer",
            "Display_Format": "NNNN-NNNNNN",
            "Regular_Expression": "[\\d]{4}-[\\d]{6}"
        },
        {
            "Country_Code": "AZE",
            "Country": "Azerbaijan",
            "National_ID_Type": "WB",
            "National_ID_Desc": "Work Book",
            "Display_Format": "Open Text Field. No Format",
            "Regular_Expression": "[0-9a-zA-Z]{0-20}"
        },
        {
            "Country_Code": "AZE",
            "Country": "Azerbaijan",
            "National_ID_Type": " PC ",
            "National_ID_Desc": "PIN Code ",
            "Display_Format": "Open Text Field. No Format",
            "Regular_Expression": "[0-9a-zA-Z]{0-20}"
        },
        {
            "Country_Code": "AZE",
            "Country": "Azerbaijan",
            "National_ID_Type": "SSN",
            "National_ID_Desc": "Social Security Number ",
            "Display_Format": "NNNNNNNNNNNNN",
            "Regular_Expression": "[\\d]{13}"
        },
        {
            "Country_Code": "BEL",
            "Country": "Belgium",
            "National_ID_Type": "NRN",
            "National_ID_Desc": "National Register Number",
            "Display_Format": "YY.MM.DD-NNN.NN",
            "Regular_Expression": "[\\d]{2}.[\\d]{2}.[\\d]{2}-[\\d]{3}.[\\d]{2}"
        },
        {
            "Country_Code": "BGD",
            "Country": "Bangladesh",
            "National_ID_Type": "NID",
            "National_ID_Desc": "NID - National ID",
            "Display_Format": "NNN-NNN-NNNN ",
            "Regular_Expression": "[\\d]{3}-[\\d]{3}-[\\d]{4}"
        },
        {
            "Country_Code": "BGR",
            "Country": "Bulgaria",
            "National_ID_Type": "NID",
            "National_ID_Desc": "National ID Number",
            "Display_Format": "NNNNNNNNN",
            "Regular_Expression": "[\\d]{9}"
        },
        {
            "Country_Code": "BGR",
            "Country": "Bulgaria",
            "National_ID_Type": "UCN",
            "National_ID_Desc": "Personal ID",
            "Display_Format": "NNNNNNNNNN",
            "Regular_Expression": "[\\d]{10}"
        },
        {
            "Country_Code": "BHR",
            "Country": "Bahrain",
            "National_ID_Type": "CPR",
            "National_ID_Desc": "Center Population Register",
            "Display_Format": "XXXXXXXXX",
            "Regular_Expression": "[A-Za-z0-9]{9}"
        },
        {
            "Country_Code": "BHS",
            "Country": "Bahamas",
            "National_ID_Type": "INSUR",
            "National_ID_Desc": "National Insurance",
            "Display_Format": "XXXXXXXX",
            "Regular_Expression": "[A-Za-z0-9]{8}"
        },
        {
            "Country_Code": "BIH",
            "Country": "Bosnia and Herzegovina",
            "National_ID_Type": "NID",
            "National_ID_Desc": "National ID Number",
            "Display_Format": "ANNNNNNNN",
            "Regular_Expression": "[A-Z]{1}[\\d]{8} "
        },
        {
            "Country_Code": "BIH",
            "Country": "Bosnia and Herzegovina",
            "National_ID_Type": "PID",
            "National_ID_Desc": "Personal Identifier Number",
            "Display_Format": "NNNNNNNNNNNNN",
            "Regular_Expression": "[\\d]{13}"
        },
        {
            "Country_Code": "BLR",
            "Country": "Belarus",
            "National_ID_Type": "PIN",
            "National_ID_Desc": "Personal Identification Number ",
            "Display_Format": "NNNNNNNANNNAAN",
            "Regular_Expression": "[\\d]{7}[A-Za-z]{1}[\\d]{3}[A-Za-z]{2}[\\d]{1} "
        },
        {
            "Country_Code": "BLR",
            "Country": "Belarus",
            "National_ID_Type": "WB",
            "National_ID_Desc": "Work Book",
            "Display_Format": "Open Text Field. No Format",
            "Regular_Expression": "[\\d]{7}[A-Za-z]{1}[\\d]{3}[A-Za-z]{2}[\\d]{1} "
        },
        {
            "Country_Code": "BMU",
            "Country": "Bermuda",
            "National_ID_Type": "SI",
            "National_ID_Desc": "Social Insurance",
            "Display_Format": "NN-NN-NN",
            "Regular_Expression": "[\\d]{2}-[\\d]{2}-[\\d]{2}"
        },
        {
            "Country_Code": "BOL",
            "Country": "Bolivia",
            "National_ID_Type": "CI",
            "National_ID_Desc": "Cedula de Identidad",
            "Display_Format": "NNNNNNNNAA",
            "Regular_Expression": "[\\d]{8}[A-Za-z]{2}"
        },
        {
            "Country_Code": "BRA",
            "Country": "Brazil",
            "National_ID_Type": "CPF",
            "National_ID_Desc": "Individual Taxpayer Identification Number (CPF)",
            "Display_Format": "NNN.NNN.NNN-NN",
            "Regular_Expression": "[\\d]{3}.[\\d]{3}.[\\d]{3}-[\\d]{2}"
        },
        {
            "Country_Code": "BRA",
            "Country": "Brazil",
            "National_ID_Type": "RG",
            "National_ID_Desc": "Identity Card",
            "Display_Format": "XX.XXX.XXX-X ",
            "Regular_Expression": "[A-Z0-9]{2}.[A-Z0-9]{3}.[A-Z0-9]{3}-[A-Z0-9]{2}"
        },
        {
            "Country_Code": "BRA",
            "Country": "Brazil",
            "National_ID_Type": "PIS",
            "National_ID_Desc": "Social Integration Program (PIS)",
            "Display_Format": "XXXXXXXXXX-X",
            "Regular_Expression": "[A-Z0-9]{10}-[A-Z0-9]"
        },
        {
            "Country_Code": "BRA",
            "Country": "Brazil",
            "National_ID_Type": "CTPS",
            "National_ID_Desc": "Employment Registration Book (CTPS)",
            "Display_Format": "XXXXX- XXXXXXX AA ",
            "Regular_Expression": "[A-Z0-9]{5}-[0-9]{7} [A-Z]{2}"
        },
        {
            "Country_Code": "BRA",
            "Country": "Brazil",
            "National_ID_Type": "VID",
            "National_ID_Desc": "Voter ID",
            "Display_Format": "XXXXXXXXXXXXXXXXXXX",
            "Regular_Expression": "[A-Z0-9]{19} "
        },
        {
            "Country_Code": "BRA",
            "Country": "Brazil",
            "National_ID_Type": "FID",
            "National_ID_Desc": "Foreigner ID",
            "Display_Format": "ANNNNNN-X",
            "Regular_Expression": "[A-Z][\\d]{6}-[A-Z0-9]"
        },
        {
            "Country_Code": "BRA",
            "Country": "Brazil",
            "National_ID_Type": "MID",
            "National_ID_Desc": "Military Data",
            "Display_Format": "XXXXXXXXXXXXXXXXXXXX",
            "Regular_Expression": "[A-Z0-9]{20} "
        },
        {
            "Country_Code": "BRB",
            "Country": "Barbados",
            "National_ID_Type": "NTLREG",
            "National_ID_Desc": "National Registration",
            "Display_Format": "NNNNNN-NNNN",
            "Regular_Expression": "[\\d]{6}-[\\d]{4}"
        },
        {
            "Country_Code": "BRN",
            "Country": "Brunei Darussalam",
            "National_ID_Type": "CNVNID",
            "National_ID_Desc": "NID for BRN",
            "Display_Format": "NN-NNNNNN",
            "Regular_Expression": "[\\d]{2}-[\\d]{6}"
        },
        {
            "Country_Code": "BWA",
            "Country": "Botswana",
            "National_ID_Type": "ID",
            "National_ID_Desc": "Identification Numer",
            "Display_Format": "NNNNNNNNN",
            "Regular_Expression": "[\\d]{9}"
        },
        {
            "Country_Code": "CAN",
            "Country": "Canada",
            "National_ID_Type": "sin",
            "National_ID_Desc": "Social Insurance Number",
            "Display_Format": "NNN-NNN-NNN",
            "Regular_Expression": "[\\d]{3}-[\\d]{3}-[\\d]{3}"
        },
        {
            "Country_Code": "CAN",
            "Country": "Canada",
            "National_ID_Type": "ITN",
            "National_ID_Desc": "Individual Tax number",
            "Display_Format": "NNNNNNNNN",
            "Regular_Expression": "[\\d]{9}"
        },
        {
            "Country_Code": "CHE",
            "Country": "Switzerland",
            "National_ID_Type": "AHV",
            "National_ID_Desc": "Social Security Number",
            "Display_Format": "756.NNNN.NNNN.NN",
            "Regular_Expression": "[7][5][6]\\.[\\d]{4}\\.[\\d]{4}\\.[\\d]{2}"
        },
        {
            "Country_Code": "CHL",
            "Country": "Chile",
            "National_ID_Type": "RUN",
            "National_ID_Desc": "RUN - Rol Unico Nacinal",
            "Display_Format": "NN.NNN.NNN-Z",
            "Regular_Expression": "[\\d]{2}\\.[\\d]{3}\\.[\\d]{3}-[\\d]{1}"
        },
        {
            "Country_Code": "CHN",
            "Country": "China",
            "National_ID_Type": "NID1",
            "National_ID_Desc": "National ID 1",
            "Display_Format": "NNNNNNNNNNNNNNNNNN",
            "Regular_Expression": "[\\d]{18}"
        },
        {
            "Country_Code": "CHN",
            "Country": "China",
            "National_ID_Type": "NID2",
            "National_ID_Desc": "National ID 2",
            "Display_Format": "NNNNNNNNNNNNNNNNNA",
            "Regular_Expression": "[\\d]{17}[A-Z]{1}"
        },
        {
            "Country_Code": "CHN",
            "Country": "China",
            "National_ID_Type": "TP1",
            "National_ID_Desc": "Mainland Travel Permit 1 for Hong Kong and Macao Residents",
            "Display_Format": "ANNNNNNNNNN",
            "Regular_Expression": "[A-Z]{1}[\\d]{10}"
        },
        {
            "Country_Code": "CHN",
            "Country": "China",
            "National_ID_Type": "TP2",
            "National_ID_Desc": "Mainland travel permit for Taiwan residents",
            "Display_Format": "NNNNNNNN",
            "Regular_Expression": "[\\d]{8}"
        },
        {
            "Country_Code": "CHN",
            "Country": "China",
            "National_ID_Type": "TP3",
            "National_ID_Desc": "Mainland Travel Permit 2 for Hong Kong and Macao Residents",
            "Display_Format": "ANNNNNNNN",
            "Regular_Expression": "[A-Z]{1}[\\d]{8}"
        },
        {
            "Country_Code": "CIV",
            "Country": "Cote D'Ivoire",
            "National_ID_Type": "CNVNID",
            "National_ID_Desc": "Default NID",
            "Display_Format": "C NNNN NNNN NN",
            "Regular_Expression": "[C]{1} [\\d]{4} [\\d]{4} [\\d]{2}"
        },
        {
            "Country_Code": "CMR",
            "Country": "Cameroon",
            "National_ID_Type": "ID_NEW",
            "National_ID_Desc": "Identification Number (New)",
            "Display_Format": "NNNNNNNNNNNNNNN00000",
            "Regular_Expression": "[\\d]{20}"
        },
        {
            "Country_Code": "CMR",
            "Country": "Cameroon",
            "National_ID_Type": "ID_OLD",
            "National_ID_Desc": "Identification Number (Old)",
            "Display_Format": "NNNNNNNNNNNNNNN00",
            "Regular_Expression": "[\\d]{17}"
        },
        {
            "Country_Code": "CMR",
            "Country": "Cameroon",
            "National_ID_Type": "TEMPID",
            "National_ID_Desc": "Identification Number (Temp)",
            "Display_Format": "NNNNNNNNNNNNNNN00000",
            "Regular_Expression": "[\\d]{20}"
        },
        {
            "Country_Code": "COD",
            "Country": "Congo, The Democratic Republic",
            "National_ID_Type": "IPASS",
            "National_ID_Desc": "International Passport",
            "Display_Format": "NNNNNNNNN",
            "Regular_Expression": "[\\d]{9}"
        },
        {
            "Country_Code": "COD",
            "Country": "Congo, The Democratic Republic",
            "National_ID_Type": "VC",
            "National_ID_Desc": "Voter Card",
            "Display_Format": "NNNNNNNNNNNNN",
            "Regular_Expression": "[\\d]{13}"
        },
        {
            "Country_Code": "COG",
            "Country": "Congo",
            "National_ID_Type": "PASS",
            "National_ID_Desc": "Passport",
            "Display_Format": "NNNNNNNN",
            "Regular_Expression": "[\\d]{8}"
        },
        {
            "Country_Code": "COL",
            "Country": "Colombia",
            "National_ID_Type": "CDE",
            "National_ID_Desc": "Cedula de Extranjeria",
            "Display_Format": "NNNNNNNNNN",
            "Regular_Expression": "[\\d]{10}"
        },
        {
            "Country_Code": "COL",
            "Country": "Colombia",
            "National_ID_Type": "TDI",
            "National_ID_Desc": "Tarjeta de Identidad",
            "Display_Format": "NNNNNNNNNN",
            "Regular_Expression": "[\\d]{10}"
        },
        {
            "Country_Code": "COL",
            "Country": "Colombia",
            "National_ID_Type": "Card1",
            "National_ID_Desc": "Cédula de Ciudadanía (10 Digits)",
            "Display_Format": "N.NNN.NNN.NNN",
            "Regular_Expression": "[\\d]{1}.[\\d]{3}.[\\d]{3}.[\\d]{3}"
        },
        {
            "Country_Code": "COL",
            "Country": "Colombia",
            "National_ID_Type": "Card3",
            "National_ID_Desc": "Cédula de Ciudadanía (8 Digits)",
            "Display_Format": "NN.NNN.NNN",
            "Regular_Expression": "[\\d]{2}.[\\d]{3}.[\\d]{3}"
        },
        {
            "Country_Code": "COL",
            "Country": "Colombia",
            "National_ID_Type": "Card2",
            "National_ID_Desc": "Cédula de Ciudadanía (6 Digits)",
            "Display_Format": "NNN.NNN",
            "Regular_Expression": "[\\d]{3}.[\\d]{3}"
        },
        {
            "Country_Code": "CRI",
            "Country": "Costa Rica",
            "National_ID_Type": "CI ID",
            "National_ID_Desc": "Cédula de Identidad ID",
            "Display_Format": "Open Text Field. No Format",
            "Regular_Expression": "[0-9a-zA-Z]{0-20}"
        },
        {
            "Country_Code": "CRI",
            "Country": "Costa Rica",
            "National_ID_Type": "CCSS",
            "National_ID_Desc": "Número de seguridad social",
            "Display_Format": "Open Text Field. No Format",
            "Regular_Expression": "[0-9a-zA-Z]{0-20}"
        },
        {
            "Country_Code": "CRI",
            "Country": "Costa Rica",
            "National_ID_Type": "CID",
            "National_ID_Desc": "Cédula de identidad",
            "Display_Format": "Open Text Field. No Format",
            "Regular_Expression": "[0-9a-zA-Z]{0-20}"
        },
        {
            "Country_Code": "CRI",
            "Country": "Costa Rica",
            "National_ID_Type": "DIMEX",
            "National_ID_Desc": "Documento de Identidad de Migración y Extranjería",
            "Display_Format": "Open Text Field. No Format",
            "Regular_Expression": "[0-9a-zA-Z]{0-20}"
        },
        {
            "Country_Code": "CUW",
            "Country": "Curacao",
            "National_ID_Type": "ID NR",
            "National_ID_Desc": "ID Number",
            "Display_Format": "NNNN.NN.NN.NN",
            "Regular_Expression": "[\\d]{4}.[\\d]{2}.[\\d]{2}.[\\d]{2}"
        },
        {
            "Country_Code": "CYM",
            "Country": "Cayman Islands",
            "National_ID_Type": "DFLT",
            "National_ID_Desc": "Default",
            "Display_Format": "Open Text Field. No Format",
            "Regular_Expression": "[0-9a-zA-Z]{0-20}"
        },
        {
            "Country_Code": "CYP",
            "Country": "Cyprus",
            "National_ID_Type": "SSN",
            "National_ID_Desc": "Social Security Number",
            "Display_Format": "NNNNNNN",
            "Regular_Expression": "[\\d]{6,7}"
        },
        {
            "Country_Code": "CYP",
            "Country": "Cyprus",
            "National_ID_Type": "NID",
            "National_ID_Desc": "National Id Number",
            "Display_Format": "NNNNNNN",
            "Regular_Expression": "[\\d]{6,7}"
        },
        {
            "Country_Code": "CYP",
            "Country": "Cyprus",
            "National_ID_Type": "TNO",
            "National_ID_Desc": "Taxation Number",
            "Display_Format": "NNNNNNNNX",
            "Regular_Expression": "[\\d]{8}[A-Za-z0-9]{1}"
        },
        {
            "Country_Code": "CZE",
            "Country": "Czech Republic",
            "National_ID_Type": "BirthNumber",
            "National_ID_Desc": "Birth Number[Rodné císlo (RC)]",
            "Display_Format": "NNNNNN/NNNN",
            "Regular_Expression": "[\\d]{6}/[\\d]{3,4}"
        },
        {
            "Country_Code": "DEU",
            "Country": "Germany",
            "National_ID_Type": "essn",
            "National_ID_Desc": "Social Insurance Number (Sozialversicherungsnummer)",
            "Display_Format": "NNNNNNNNANNN",
            "Regular_Expression": "[\\d]{2}[\\d]{6}[A-Z][\\d]{3}"
        },
        {
            "Country_Code": "DNK",
            "Country": "Denmark",
            "National_ID_Type": "CPR",
            "National_ID_Desc": "CPR Number",
            "Display_Format": "DDMMYY-NNNN",
            "Regular_Expression": "[\\d]{6}-[\\d]{4}"
        },
        {
            "Country_Code": "DOM",
            "Country": "Dominican Republic",
            "National_ID_Type": "CDI",
            "National_ID_Desc": "Cédula de Identidad y Electoral (CIE)",
            "Display_Format": "Open Text Field. No Format",
            "Regular_Expression": "[0-9a-zA-Z]{0-20}"
        },
        {
            "Country_Code": "DZA",
            "Country": "Algeria",
            "National_ID_Type": "CNVNID",
            "National_ID_Desc": "National ID Card Number (Foreigner)",
            "Display_Format": "Open Text Field. No Format",
            "Regular_Expression": "[0-9a-zA-Z]{0-20}"
        },
        {
            "Country_Code": "DZA",
            "Country": "Algeria",
            "National_ID_Type": "NICN",
            "National_ID_Desc": "National ID Card Number",
            "Display_Format": "NNNNNNNNNNNNNNNNNN",
            "Regular_Expression": "[\\d]{18}"
        },
        {
            "Country_Code": "ECU",
            "Country": "Ecuador",
            "National_ID_Type": "NCI",
            "National_ID_Desc": "Número de Cédula de Identidad (SSN)",
            "Display_Format": "NNNNNNNNNN",
            "Regular_Expression": "[\\d]{10}"
        },
        {
            "Country_Code": "EGY",
            "Country": "Egypt",
            "National_ID_Type": "nationaldId",
            "National_ID_Desc": "National ID",
            "Display_Format": "NYYMMDDNNNNNNN",
            "Regular_Expression": "[\\d]{14}"
        },
        {
            "Country_Code": "ESP",
            "Country": "Spain",
            "National_ID_Type": "DNI",
            "National_ID_Desc": "Documento Nacional de Identidad",
            "Display_Format": "NNNNNNNNA",
            "Regular_Expression": "[\\d]{8}-[A-Z]{1}"
        },
        {
            "Country_Code": "ESP",
            "Country": "Spain",
            "National_ID_Type": "NAF",
            "National_ID_Desc": "Número Seguridad Social",
            "Display_Format": "NN/NNNNNNNN/NN",
            "Regular_Expression": "[\\d]{2}[\\/][\\d]{8}[\\/][\\d]{2}"
        },
        {
            "Country_Code": "ESP",
            "Country": "Spain",
            "National_ID_Type": "NIE",
            "National_ID_Desc": "Número Identificación Extranjero",
            "Display_Format": "ANNNNNNNA",
            "Regular_Expression": "[XYZ]{1}[\\d]{7}[A-Z]{1}"
        },
        {
            "Country_Code": "EST",
            "Country": "Estonia",
            "National_ID_Type": "PERSID",
            "National_ID_Desc": "Personal Identification Number",
            "Display_Format": "NNNNNNNNNNN",
            "Regular_Expression": "[\\d]{11}"
        },
        {
            "Country_Code": "FIN",
            "Country": "Finland",
            "National_ID_Type": "HETU",
            "National_ID_Desc": "Henkilötunnus ( Delete from System. Legal requirement)",
            "Display_Format": "DDMMYY*NNNX",
            "Regular_Expression": "[\\d]{6}[A|\\-]{1}[\\d]{3}[0-9 A-FHJK-NPR-Y]{1}"
        },
        {
            "Country_Code": "FJI",
            "Country": "Fiji",
            "National_ID_Type": "FJI_ID",
            "National_ID_Desc": "Fiji Id",
            "Display_Format": "NNNNNNNNN",
            "Regular_Expression": "[\\d]{9}"
        },
        {
            "Country_Code": "FRA",
            "Country": "France",
            "National_ID_Type": "INSEE",
            "National_ID_Desc": "Numéro de Sécurité Sociale ",
            "Display_Format": "NYYMMNXNNNNNN NN",
            "Regular_Expression": "[\\d]{6}[A-Z\\d][\\d]{6} [\\d]{2}"
        },
        {
            "Country_Code": "GAB",
            "Country": "Gabon",
            "National_ID_Type": "DFLTID",
            "National_ID_Desc": "Default NID",
            "Display_Format": "NNNN-NNNNNNNNN-N",
            "Regular_Expression": "[\\d]{4}-[\\d]{9}-[\\d]"
        },
        {
            "Country_Code": "GBR",
            "Country": "United Kingdom",
            "National_ID_Type": "GSSN",
            "National_ID_Desc": "Guernsey Social Security Number",
            "Display_Format": "AANNNNNN",
            "Regular_Expression": "[A-Za-z]{2}[\\d]{6}"
        },
        {
            "Country_Code": "GBR",
            "Country": "United Kingdom",
            "National_ID_Type": "JSSN",
            "National_ID_Desc": "Jersey Social Security Number",
            "Display_Format": "AANNNNNNA",
            "Regular_Expression": "[A-Za-z]{2}[\\d]{6}[A-Za-z]{1}"
        },
        {
            "Country_Code": "GBR",
            "Country": "United Kingdom",
            "National_ID_Type": "JTRN",
            "National_ID_Desc": "Jersey Tax Reference Number",
            "Display_Format": "Free text",
            "Regular_Expression": "[A-Za-z0-9]{5,6,7,8,9,10}"
        },
        {
            "Country_Code": "GBR",
            "Country": "United Kingdom",
            "National_ID_Type": "NINO",
            "National_ID_Desc": "National Insurance Number",
            "Display_Format": "AANNNNNNA",
            "Regular_Expression": "[A-Za-z]{2}[\\d]{2}[\\d]{2}[\\d]{2}[ABCDabcd]{1}"
        },
        {
            "Country_Code": "GBR",
            "Country": "United Kingdom",
            "National_ID_Type": "RPAG",
            "National_ID_Desc": "Reciprocal Agreement",
            "Display_Format": "Free text",
            "Regular_Expression": "[A-Za-z0-9]{5,6,7,8,9,10,11}"
        },
        {
            "Country_Code": "GBR",
            "Country": "United Kingdom",
            "National_ID_Type": "TMPNI",
            "National_ID_Desc": "Temp NI Number",
            "Display_Format": "AANNNNNNA",
            "Regular_Expression": "[A-Za-z]{2} [\\d]{2} [\\d]{2} [\\d]{2} [ABCDabcd]{1}"
        },
        {
            "Country_Code": "GBR",
            "Country": "United Kingdom",
            "National_ID_Type": "PNIN",
            "National_ID_Desc": "p NI Number",
            "Display_Format": "PPNNNNNNP",
            "Regular_Expression": "[P]{2} [\\d]{2} [\\d]{2} [\\d]{2} [P]{1}"
        },
        {
            "Country_Code": "GEO",
            "Country": "Georgia",
            "National_ID_Type": "WB",
            "National_ID_Desc": "Work Book",
            "Display_Format": "",
            "Regular_Expression": "[A-Za-z0-9]{1,20}"
        },
        {
            "Country_Code": "GEO",
            "Country": "Georgia",
            "National_ID_Type": "ID",
            "National_ID_Desc": "ID number ",
            "Display_Format": "NNNNNNNNNNN",
            "Regular_Expression": "[\\d]{11}"
        },
        {
            "Country_Code": "GHA",
            "Country": "Ghana",
            "National_ID_Type": "NIC",
            "National_ID_Desc": "National Identity Card",
            "Display_Format": "GHA-NNNNNNNNN.N",
            "Regular_Expression": "[G]{1}[H]{1}[A]{1}-[\\d]{9}.[\\d]{1}"
        },
        {
            "Country_Code": "GIB",
            "Country": "Gibraltar",
            "National_ID_Type": "GIID1",
            "National_ID_Desc": "Social Security Number",
            "Display_Format": "",
            "Regular_Expression": "[A-Za-z0-9]{1,20}"
        },
        {
            "Country_Code": "GIN",
            "Country": "Guinea",
            "National_ID_Type": "CNVNID",
            "National_ID_Desc": "Default NID",
            "Display_Format": "NNNNNNNNNNNNNNN",
            "Regular_Expression": "[\\d]{15}"
        },
        {
            "Country_Code": "GNQ",
            "Country": "Equatorial Guinea",
            "National_ID_Type": "ID",
            "National_ID_Desc": "Identification Number",
            "Display_Format": "NNN.NNN.NNN",
            "Regular_Expression": "[\\d]{3}.[\\d]{3}.[\\d]{3}"
        },
        {
            "Country_Code": "GRC",
            "Country": "Greece",
            "National_ID_Type": "IC+B257:C257",
            "National_ID_Desc": "Identity Card",
            "Display_Format": "AA-NNNNNN",
            "Regular_Expression": "[A-Z]{2}-[\\d]{6}"
        },
        {
            "Country_Code": "GRC",
            "Country": "Greece",
            "National_ID_Type": "NID",
            "National_ID_Desc": "National Id Number",
            "Display_Format": "XXNNNNNN",
            "Regular_Expression": "[A-Za-z0-9]{1,2}[\\d]{6}"
        },
        {
            "Country_Code": "GRC",
            "Country": "Greece",
            "National_ID_Type": "AMKA",
            "National_ID_Desc": "Social Security Number",
            "Display_Format": "NNNNNNNNNNN",
            "Regular_Expression": "[\\d]{11}"
        },
        {
            "Country_Code": "GRC",
            "Country": "Greece",
            "National_ID_Type": "TSM",
            "National_ID_Desc": "TSMEDE ",
            "Display_Format": "NNNNNN",
            "Regular_Expression": "[\\d]{5,6}"
        },
        {
            "Country_Code": "GRC",
            "Country": "Greece",
            "National_ID_Type": "SOEL",
            "National_ID_Desc": "SOEL",
            "Display_Format": "NNNNN",
            "Regular_Expression": "[\\d]{5}"
        },
        {
            "Country_Code": "GRC",
            "Country": "Greece",
            "National_ID_Type": "AMA3",
            "National_ID_Desc": "AMA - Social Security Number ",
            "Display_Format": "NNNNNNNNN",
            "Regular_Expression": "(^[0-9]{7}$)|(^[0-9]{9}$)|(^[0-9]{10}$)"
        },
        {
            "Country_Code": "GRC",
            "Country": "Greece",
            "National_ID_Type": "LBA-A",
            "National_ID_Desc": "LBA Athens",
            "Display_Format": "NNNNNN",
            "Regular_Expression": "[\\d]{6}"
        },
        {
            "Country_Code": "GRC",
            "Country": "Greece",
            "National_ID_Type": "LBA-O",
            "National_ID_Desc": "LBA Other",
            "Display_Format": "NNNNNN",
            "Regular_Expression": "[\\d]{6}"
        },
        {
            "Country_Code": "GRC",
            "Country": "Greece",
            "National_ID_Type": "LBA-P",
            "National_ID_Desc": "LBA Piraeus",
            "Display_Format": "NNNNNN",
            "Regular_Expression": "[\\d]{6}"
        },
        {
            "Country_Code": "GTM",
            "Country": "Guatemala",
            "National_ID_Type": "DPI ID",
            "National_ID_Desc": "Documento Personal de Identificación",
            "Display_Format": "Open Text Field. No Format",
            "Regular_Expression": "[0-9a-zA-Z]{0-20}"
        },
        {
            "Country_Code": "GTM",
            "Country": "Guatemala",
            "National_ID_Type": "IGSS",
            "National_ID_Desc": "Número de afiliación de seguro social",
            "Display_Format": "Open Text Field. No Format",
            "Regular_Expression": "[0-9a-zA-Z]{0-20}"
        },
        {
            "Country_Code": "GTM",
            "Country": "Guatemala",
            "National_ID_Type": "IRTRA",
            "National_ID_Desc": "Número de afiliación IRTRA",
            "Display_Format": "Open Text Field. No Format",
            "Regular_Expression": "[0-9a-zA-Z]{0-20}"
        },
        {
            "Country_Code": "GTM",
            "Country": "Guatemala",
            "National_ID_Type": "NIT",
            "National_ID_Desc": "Número de identificación tributaria",
            "Display_Format": "Open Text Field. No Format",
            "Regular_Expression": "[0-9a-zA-Z]{0-20}"
        },
        {
            "Country_Code": "GIN",
            "Country": "Guinea",
            "National_ID_Type": "PNGTIN",
            "National_ID_Desc": "Taxpayer Identification Number",
            "Display_Format": "NNNNNNNNN",
            "Regular_Expression": "[\\d]{9}"
        },
        {
            "Country_Code": "GUM",
            "Country": "Guam",
            "National_ID_Type": "SSN",
            "National_ID_Desc": "Social Security",
            "Display_Format": "NNNNNNNNN",
            "Regular_Expression": "[\\d]{9}"
        },
        {
            "Country_Code": "GUY",
            "Country": "Guyana",
            "National_ID_Type": "NTLREG",
            "National_ID_Desc": "NTLREG",
            "Display_Format": "NNNNNNNNN",
            "Regular_Expression": "[\\d]{9}"
        },
        {
            "Country_Code": "HKG",
            "Country": "Hong Kong",
            "National_ID_Type": "HKID",
            "National_ID_Desc": "Hong Kong ID Number",
            "Display_Format": "AANNNNNN(X)",
            "Regular_Expression": "^[a-zA-Z]{1,2}[\\d]{6}[0-9a-zA-Z]{1}$"
        },
        {
            "Country_Code": "HND",
            "Country": "Honduras",
            "National_ID_Type": "NID",
            "National_ID_Desc": "Tarjeta de Identidad",
            "Display_Format": "Open Text Field. No Format",
            "Regular_Expression": "[0-9a-zA-Z]{0-20}"
        },
        {
            "Country_Code": "HRV",
            "Country": "Croatia",
            "National_ID_Type": "IDCNBR",
            "National_ID_Desc": "Identity card number",
            "Display_Format": "NNNNNNNNN",
            "Regular_Expression": "[\\d]{9}"
        },
        {
            "Country_Code": "HRV",
            "Country": "Croatia",
            "National_ID_Type": "pin",
            "National_ID_Desc": "Personal Identification Number",
            "Display_Format": "NNNNNNNNNNN",
            "Regular_Expression": "[\\d]{11}"
        },
        {
            "Country_Code": "HUN",
            "Country": "Hungary",
            "National_ID_Type": "SOCID",
            "National_ID_Desc": "Social Insurance ID Number",
            "Display_Format": "NNN.NNN.NNN",
            "Regular_Expression": "[\\d]{3}.[\\d]{3}.[\\d]{3}"
        },
        {
            "Country_Code": "HUN",
            "Country": "Hungary",
            "National_ID_Type": "TAXID",
            "National_ID_Desc": "TAX ID Number",
            "Display_Format": "NNNNNNNNN",
            "Regular_Expression": "[\\d]{9}"
        },
        {
            "Country_Code": "IDN",
            "Country": "Indonesia",
            "National_ID_Type": "NIK",
            "National_ID_Desc": "Family Card Number",
            "Display_Format": "NNNNNNNNNNNNNNNN",
            "Regular_Expression": "[\\d]{16}"
        },
        {
            "Country_Code": "IDN",
            "Country": "Indonesia",
            "National_ID_Type": "PNO",
            "National_ID_Desc": "Pension Number",
            "Display_Format": "NNNNNNNNNNN",
            "Regular_Expression": "[\\d]{11}"
        },
        {
            "Country_Code": "IDN",
            "Country": "Indonesia",
            "National_ID_Type": "TIN",
            "National_ID_Desc": "Tax Identification Number ",
            "Display_Format": "NN.NNN.NNN.N-NNN.NNN",
            "Regular_Expression": "[\\d]{2}.[\\d]{3}.[\\d]{3}.[\\d]{1}-[\\d]{3}[\\d]{3}"
        },
        {
            "Country_Code": "IDN",
            "Country": "Indonesia",
            "National_ID_Type": "IDNSSN",
            "National_ID_Desc": "BPJS Ketenagakerjaan",
            "Display_Format": "NNNNNNNNNN",
            "Regular_Expression": "[\\d]{11}"
        },
        {
            "Country_Code": "IDN",
            "Country": "Indonesia",
            "National_ID_Type": "BPJS",
            "National_ID_Desc": "BPJS Kesehatan",
            "Display_Format": "NNNNNNNNNNNNN",
            "Regular_Expression": "[\\d]{13}"
        },
        {
            "Country_Code": "IDN",
            "Country": "Indonesia",
            "National_ID_Type": "NIC",
            "National_ID_Desc": "National ID Card Number",
            "Display_Format": "NNNNNNNNNNNNNNNN",
            "Regular_Expression": "[\\d]{16}"
        },
        {
            "Country_Code": "IMN",
            "Country": "Isle of Man",
            "National_ID_Type": "IMNNIN",
            "National_ID_Desc": "National Insurance Number",
            "Display_Format": "AANNNNNNN",
            "Regular_Expression": "[A-Z]{2}[\\d]{7}"
        },
        {
            "Country_Code": "IMN",
            "Country": "Isle of Man",
            "National_ID_Type": "UKNIN",
            "National_ID_Desc": "UK National Insurance Number",
            "Display_Format": "AANNNNNNA",
            "Regular_Expression": "[A-Z]{2}[\\d]{6}[A-Z]{1}"
        },
        {
            "Country_Code": "IND",
            "Country": "India",
            "National_ID_Type": "PAN",
            "National_ID_Desc": "Permanent Account Number",
            "Display_Format": "AAAAANNNNA",
            "Regular_Expression": "[A-Z]{5}[\\d]{4}[A-Z]{1}"
        },
        {
            "Country_Code": "IND",
            "Country": "India",
            "National_ID_Type": "PF",
            "National_ID_Desc": "PF Number",
            "Display_Format": "free text with max length of 22 characters",
            "Regular_Expression": "[A-Za-z0-9]{1,22}"
        },
        {
            "Country_Code": "IND",
            "Country": "India",
            "National_ID_Type": "UAN",
            "National_ID_Desc": "Universal Account Number",
            "Display_Format": "NNNNNNNNNNNN",
            "Regular_Expression": "[\\d]{12}"
        },
        {
            "Country_Code": "IND",
            "Country": "India",
            "National_ID_Type": "ADN",
            "National_ID_Desc": "Aadhaar Card No",
            "Display_Format": "NNNN-NNNN-NNNN",
            "Regular_Expression": "[\\d]{4}-[\\d]{4}-[\\d]{4}"
        },
        {
            "Country_Code": "IRL",
            "Country": "Ireland",
            "National_ID_Type": "PPSN",
            "National_ID_Desc": "Personal Public Service Number",
            "Display_Format": "NNNNNNNAA",
            "Regular_Expression": "[\\d]{7}[A-W]{1}[AWXTZ]{0,1}"
        },
        {
            "Country_Code": "IRQ",
            "Country": "Iraq",
            "National_ID_Type": "CNV",
            "National_ID_Desc": "Conversion Default",
            "Display_Format": "NNN",
            "Regular_Expression": "[\\d]{3}"
        },
        {
            "Country_Code": "IRQ",
            "Country": "Iraq",
            "National_ID_Type": "ID",
            "National_ID_Desc": "Personal ID (Jensiah)",
            "Display_Format": "NNNNNNNN",
            "Regular_Expression": "[\\d]{8}"
        },
        {
            "Country_Code": "IRQ",
            "Country": "Iraq",
            "National_ID_Type": "NC",
            "National_ID_Desc": "National ID",
            "Display_Format": "NNNNNNNNNNNN",
            "Regular_Expression": "[\\d]{12}"
        },
        {
            "Country_Code": "ISL",
            "Country": "Iceland",
            "National_ID_Type": "PIN",
            "National_ID_Desc": "Kennitala",
            "Display_Format": "XXXXXX-XXXX",
            "Regular_Expression": "[\\d]{6}-[\\d]{4}"
        },
        {
            "Country_Code": "ISR",
            "Country": "Israel",
            "National_ID_Type": "MisparZehut",
            "National_ID_Desc": "Mispar Zehut",
            "Display_Format": "NNNNNNNNN",
            "Regular_Expression": "[\\d]{9}"
        },
        {
            "Country_Code": "ITA",
            "Country": "Italy",
            "National_ID_Type": "FC",
            "National_ID_Desc": "FC- Fiscal Code",
            "Display_Format": "AAAAAAYYANNXXXXA",
            "Regular_Expression": "[A-Z]{6}[\\d]{2}[A-Z]{1}[\\d]{2}[A-Z0-9]{4}[A-Z]{1}"
        },
        {
            "Country_Code": "ITA",
            "Country": "Italy",
            "National_ID_Type": "VATCOD",
            "National_ID_Desc": "Partita IVA",
            "Display_Format": "NNNNNNNNNNN",
            "Regular_Expression": "[\\d]{11}"
        },
        {
            "Country_Code": "JAM",
            "Country": "Jamaica",
            "National_ID_Type": "TAXREG",
            "National_ID_Desc": "Tax Registration",
            "Display_Format": "NNN-NNN-NNN",
            "Regular_Expression": "[\\d]{3}-[\\d]{3}-[\\d]{3}"
        },
        {
            "Country_Code": "JOR",
            "Country": "Jordan",
            "National_ID_Type": "nationalId",
            "National_ID_Desc": "National ID",
            "Display_Format": "NNNNNNNNNN*",
            "Regular_Expression": "[\\d]{10}(.){1}"
        },
        {
            "Country_Code": "KAZ",
            "Country": "Kazakhstan",
            "National_ID_Type": "ID",
            "National_ID_Desc": "Individual ID",
            "Display_Format": "YYMMDDNNNNNN",
            "Regular_Expression": "(?!0{12})[\\d]{12}"
        },
        {
            "Country_Code": "KEN",
            "Country": "Kenya",
            "National_ID_Type": "ID",
            "National_ID_Desc": "Identification Numer",
            "Display_Format": "NNNNNNNN",
            "Regular_Expression": "[\\d]{8}"
        },
        {
            "Country_Code": "KGZ",
            "Country": "Kyrgyzstan",
            "National_ID_Type": "INN",
            "National_ID_Desc": "Individual Identification Number",
            "Display_Format": "NNNNNNNNNNNNNN",
            "Regular_Expression": "[\\d]{14}"
        },
        {
            "Country_Code": "KHM",
            "Country": "Cambodia",
            "National_ID_Type": "LB NO",
            "National_ID_Desc": "Labour Book Number",
            "Display_Format": "NNNNNNNNNN",
            "Regular_Expression": "[\\d]{10}"
        },
        {
            "Country_Code": "KHM",
            "Country": "Cambodia",
            "National_ID_Type": "PIDC",
            "National_ID_Desc": "Personal ID Card",
            "Display_Format": "NNNNNNNNN",
            "Regular_Expression": "[\\d]{9}"
        },
        {
            "Country_Code": "KOR",
            "Country": "Korea, Republic of",
            "National_ID_Type": "FRN",
            "National_ID_Desc": "FRN - Foreign Registration Number",
            "Display_Format": "NNNNNN-NNNNNNN ",
            "Regular_Expression": "[\\d]{6}-[\\d]{7}"
        },
        {
            "Country_Code": "KOR",
            "Country": "Korea, Republic of",
            "National_ID_Type": "RGN",
            "National_ID_Desc": "RGN - Resident Registration Number",
            "Display_Format": "NNNNNN-NNNNNNN",
            "Regular_Expression": "[\\d]{6}-[\\d]{7}"
        },
        {
            "Country_Code": "KWT",
            "Country": "Kuwait",
            "National_ID_Type": "CID",
            "National_ID_Desc": "Civil ID Number",
            "Display_Format": "NYYMMDDNNNNN",
            "Regular_Expression": "[\\d]{12}"
        },
        {
            "Country_Code": "LAO",
            "Country": "Lao People's Democratic Rep",
            "National_ID_Type": "PIC",
            "National_ID_Desc": "Personal ID Card",
            "Display_Format": "NNNNNNNNN",
            "Regular_Expression": "[\\d]{9}"
        },
        {
            "Country_Code": "LBN",
            "Country": "Lebanon",
            "National_ID_Type": "nationalId",
            "National_ID_Desc": "National ID",
            "Display_Format": "NNNNNNNNNNNN",
            "Regular_Expression": "[\\d]{12}"
        },
        {
            "Country_Code": "LBN",
            "Country": "Lebanon",
            "National_ID_Type": "NID_PR ",
            "National_ID_Desc": "National ID_Palestinian Refugee",
            "Display_Format": "NNNN",
            "Regular_Expression": "[\\d]{4}"
        },
        {
            "Country_Code": "LBY",
            "Country": "Libya",
            "National_ID_Type": "CNV",
            "National_ID_Desc": "Conversion Default",
            "Display_Format": "NNN",
            "Regular_Expression": "[\\d]{3}"
        },
        {
            "Country_Code": "LBY",
            "Country": "Libya",
            "National_ID_Type": "NID",
            "National_ID_Desc": "National ID",
            "Display_Format": "NNNNNNNNNNNN",
            "Regular_Expression": " [\\d]{12}"
        },
        {
            "Country_Code": "LBY",
            "Country": "Libya",
            "National_ID_Type": "PID",
            "National_ID_Desc": "Personal ID",
            "Display_Format": "NNNNNN",
            "Regular_Expression": "[\\d]{6}"
        },
        {
            "Country_Code": "LCA",
            "Country": "Saint Lucia",
            "National_ID_Type": "NIC",
            "National_ID_Desc": "NIC",
            "Display_Format": "NNNNNN",
            "Regular_Expression": "[\\d]{6}"
        },
        {
            "Country_Code": "LIE",
            "Country": "Liechtenstein",
            "National_ID_Type": "SSN",
            "National_ID_Desc": "Social Security",
            "Display_Format": "",
            "Regular_Expression": "[A-Za-z0-9]{1,20}"
        },
        {
            "Country_Code": "LKA",
            "Country": "Sri Lanka",
            "National_ID_Type": "NIC1",
            "National_ID_Desc": "National Identity Card Number Old",
            "Display_Format": "NNNNNNNNNA",
            "Regular_Expression": "[\\d]{9}[a-zA-Z]{1}"
        },
        {
            "Country_Code": "LKA",
            "Country": "Sri Lanka",
            "National_ID_Type": "NIC2",
            "National_ID_Desc": "National Identity Card Number",
            "Display_Format": "NNNNNNNNNNNN",
            "Regular_Expression": "[\\d]{12}"
        },
        {
            "Country_Code": "LTU",
            "Country": "Lithuania",
            "National_ID_Type": "PERSID",
            "National_ID_Desc": "Personal Identification Number",
            "Display_Format": "NNNNNNNNNNN",
            "Regular_Expression": "[\\d]{11}"
        },
        {
            "Country_Code": "LTU",
            "Country": "Lithuania",
            "National_ID_Type": "SSN",
            "National_ID_Desc": "Social Security Number",
            "Display_Format": "AANNNNNNN",
            "Regular_Expression": "[A-Z]{2}[\\d]{7}"
        },
        {
            "Country_Code": "LUX",
            "Country": "Luxembourg",
            "National_ID_Type": "SSN",
            "National_ID_Desc": "Social Security Number",
            "Display_Format": "NNNN NN NN NNNNN",
            "Regular_Expression": "[\\d]{4} [\\d]{2} [\\d]{2} [\\d]{5}"
        },
        {
            "Country_Code": "LVA",
            "Country": "Latvia",
            "National_ID_Type": "PERSID",
            "National_ID_Desc": "Personal Identification Number",
            "Display_Format": "NNNNNN-NNNNN",
            "Regular_Expression": "[\\d]{6}-[\\d]{5}"
        },
        {
            "Country_Code": "MAC",
            "Country": "Macao",
            "National_ID_Type": "MIC",
            "National_ID_Desc": "Macau SAR Resident Identity Card",
            "Display_Format": "NNNNNNN(N)",
            "Regular_Expression": "[\\d]{7}[\\(][\\d]{1}[\\)]"
        },
        {
            "Country_Code": "MAR",
            "Country": "Morocco",
            "National_ID_Type": "MARCIN",
            "National_ID_Desc": "No Carte Identité Nat. Maroc",
            "Display_Format": "ANNNNNN OR AANNNNNN or AANNNNN or ANNNNN",
            "Regular_Expression": "[A-Z]{1,2}[\\d]{5,6}"
        },
        {
            "Country_Code": "MAR",
            "Country": "Morocco",
            "National_ID_Type": "CNVNID",
            "National_ID_Desc": "National ID Card Number (Foreigner)",
            "Display_Format": "Open Text Field. No Format",
            "Regular_Expression": "[0-9a-zA-Z]{0-20}"
        },
        {
            "Country_Code": "MCO",
            "Country": "Monaco",
            "National_ID_Type": "SSN",
            "National_ID_Desc": "Numéro de Sécurité Sociale Monaco",
            "Display_Format": "NNNNNN",
            "Regular_Expression": "[\\d]{6}"
        },
        {
            "Country_Code": "MDA",
            "Country": "Moldova, Republic of",
            "National_ID_Type": "PID",
            "National_ID_Desc": "Personal identifier Number",
            "Display_Format": "NNNNNNNNNNNNN",
            "Regular_Expression": "[\\d]{13}"
        },
        {
            "Country_Code": "MDA",
            "Country": "Moldova, Republic of",
            "National_ID_Type": "NID",
            "National_ID_Desc": "National Id Number",
            "Display_Format": "ANNNNNNNN",
            "Regular_Expression": "[A-Z]{1}[\\d]{8}"
        },
        {
            "Country_Code": "MDG",
            "Country": "Madagascar",
            "National_ID_Type": "MDG_ID",
            "National_ID_Desc": "MDG ID",
            "Display_Format": "NNNNNNNNNNNN",
            "Regular_Expression": "[\\d]{12}"
        },
        {
            "Country_Code": "MDV",
            "Country": "Maldives",
            "National_ID_Type": "NIC ID",
            "National_ID_Desc": "MAL NIC Number",
            "Display_Format": "NNNNNNNNNN",
            "Regular_Expression": "[\\d]{10}"
        },
        {
            "Country_Code": "MDV",
            "Country": "Maldives",
            "National_ID_Type": "NID",
            "National_ID_Desc": "Maldives National ID",
            "Display_Format": "ANNNNNN",
            "Regular_Expression": "[A-Z]{1}[\\d]{6}"
        },
        {
            "Country_Code": "MEX",
            "Country": "Mexico",
            "National_ID_Type": "PR",
            "National_ID_Desc": "CURP (Clave Única de Registro de Población)",
            "Display_Format": "AAAAYYMMDDAAAAAAXN",
            "Regular_Expression": "[A-Z]{4}[\\d]{6}[MH]{1}[A-Z]{2}[B-DF-HJ-NP-TV-Z]{3}[A-Z0-9]{1}[\\d]{1}"
        },
        {
            "Country_Code": "MEX",
            "Country": "Mexico",
            "National_ID_Type": "SSN",
            "National_ID_Desc": "Numero de Seguridad Social ",
            "Display_Format": "NNNNNNNNNNN",
            "Regular_Expression": "[\\d]{11}"
        },
        {
            "Country_Code": "MEX",
            "Country": "Mexico",
            "National_ID_Type": "RFC",
            "National_ID_Desc": "Registro Federal Contribuyentes ",
            "Display_Format": "AAAAyymmddXXX",
            "Regular_Expression": "[A-Z]{4}[\\d]{6}[A-Z]{3}"
        },
        {
            "Country_Code": "MKD",
            "Country": "Fmr Yugoslav Rep of Macedonia",
            "National_ID_Type": "NID",
            "National_ID_Desc": "Personal ID Number",
            "Display_Format": "NNNNNN-NNNNN",
            "Regular_Expression": "[\\d]{6}-[\\d]{5}"
        },
        {
            "Country_Code": "MLT",
            "Country": "Malta",
            "National_ID_Type": "NID",
            "National_ID_Desc": "National Id Number",
            "Display_Format": "NNNNNNX",
            "Regular_Expression": "[\\d]{6}[A-Za-z0-9]{1}"
        },
        {
            "Country_Code": "MLT",
            "Country": "Malta",
            "National_ID_Type": "SSN",
            "National_ID_Desc": "Social Security Number",
            "Display_Format": "XNNNNNNNN",
            "Regular_Expression": "[A-Za-z0-9]{1}[\\d]{8}"
        },
        {
            "Country_Code": "MNE",
            "Country": "Montenegro",
            "National_ID_Type": "NID",
            "National_ID_Desc": "National ID Number",
            "Display_Format": "NNNNNNNNN",
            "Regular_Expression": "[\\d]{9}"
        },
        {
            "Country_Code": "MNE",
            "Country": "Montenegro",
            "National_ID_Type": "PID",
            "National_ID_Desc": "Personal identifier Number",
            "Display_Format": "NNNNNNNNNNNNN",
            "Regular_Expression": "[\\d]{13}"
        },
        {
            "Country_Code": "MNG",
            "Country": "Mongolia",
            "National_ID_Type": "MNID",
            "National_ID_Desc": "Mongolian National Id Card",
            "Display_Format": "AAAANNNNNNNN",
            "Regular_Expression": "[A-Z]{1,4}[\\d]{8}"
        },
        {
            "Country_Code": "MOZ",
            "Country": "Mozambique",
            "National_ID_Type": "MOZ_ID",
            "National_ID_Desc": "MOZ ID",
            "Display_Format": "NNNNNNNNNNNNA",
            "Regular_Expression": "[\\d]{12}[A-Z]{1}"
        },
        {
            "Country_Code": "MUS",
            "Country": "Mauritius",
            "National_ID_Type": "MUS ID",
            "National_ID_Desc": "National Identity Card",
            "Display_Format": "X99999999999XX",
            "Regular_Expression": "[A-Za-z0-9]{1}[\\d]{11}[A-Za-z0-9]{2}"
        },
        {
            "Country_Code": "MUS",
            "Country": "Mauritius",
            "National_ID_Type": "MUS_ID",
            "National_ID_Desc": "MUS ID 1",
            "Display_Format": "XNNNNNNNNNNNNN",
            "Regular_Expression": "[A-Za-z0-9]{1}[\\d]{13}"
        },
        {
            "Country_Code": "MWI",
            "Country": "Malawi",
            "National_ID_Type": "SIC",
            "National_ID_Desc": "Smart Identify Card",
            "Display_Format": "NNNN NNNN NNNN NNNN",
            "Regular_Expression": "[\\d]{4} [\\d]{4} [\\d]{4} [\\d]{4}"
        },
        {
            "Country_Code": "MYS",
            "Country": "Malaysia",
            "National_ID_Type": "IC",
            "National_ID_Desc": "IC - Identification Card number",
            "Display_Format": "NNNNNN-NN-NNNN",
            "Regular_Expression": "[\\d]{6}-[\\d]{2}-[\\d]{4}"
        },
        {
            "Country_Code": "NAM",
            "Country": "Namibia",
            "National_ID_Type": "ID F1",
            "National_ID_Desc": "Identification number 11 Digit",
            "Display_Format": "NNNNNNNNNNN",
            "Regular_Expression": "[\\d]{11}"
        },
        {
            "Country_Code": "NAM",
            "Country": "Namibia",
            "National_ID_Type": "ID_13",
            "National_ID_Desc": "Identification number 13 Digit",
            "Display_Format": "NNNNNNNNNNNNN",
            "Regular_Expression": "[\\d]{13}"
        },
        {
            "Country_Code": "NGA",
            "Country": "Nigeria",
            "National_ID_Type": "DUMYID",
            "National_ID_Desc": "Conversion Dummy ID",
            "Display_Format": "NNNNNNNNNNN",
            "Regular_Expression": "[\\d]{11}"
        },
        {
            "Country_Code": "NGA",
            "Country": "Nigeria",
            "National_ID_Type": "NEC",
            "National_ID_Desc": "National e-ID card",
            "Display_Format": "NNNN NNNN NNNN NNNN",
            "Regular_Expression": "[\\d]{4} [\\d]{4} [\\d]{4} [\\d]{4}"
        },
        {
            "Country_Code": "NGA",
            "Country": "Nigeria",
            "National_ID_Type": "NID",
            "National_ID_Desc": "National ID",
            "Display_Format": "NNNNNNNNNNN",
            "Regular_Expression": "[\\d]{11}"
        },
        {
            "Country_Code": "NIC",
            "Country": "Nicaragua",
            "National_ID_Type": "NIN",
            "National_ID_Desc": "National ID Number",
            "Display_Format": "Open Text Field. No Format",
            "Regular_Expression": "[0-9a-zA-Z]{0-20}"
        },
        {
            "Country_Code": "NIC",
            "Country": "Nicaragua",
            "National_ID_Type": "CED",
            "National_ID_Desc": "Cédula",
            "Display_Format": "Open Text Field. No Format",
            "Regular_Expression": "[0-9a-zA-Z]{0-20}"
        },
        {
            "Country_Code": "NLD",
            "Country": "Netherlands",
            "National_ID_Type": "BSN",
            "National_ID_Desc": "BSN - Citizens Service Number",
            "Display_Format": "NNNNNNNNN",
            "Regular_Expression": "[\\d]{9}"
        },
        {
            "Country_Code": "NOR",
            "Country": "Norway",
            "National_ID_Type": "BN",
            "National_ID_Desc": "Personal ID Number",
            "Display_Format": "DDMMYYNNNNN",
            "Regular_Expression": "[\\d]{11}"
        },
        {
            "Country_Code": "NZL",
            "Country": "New Zealand",
            "National_ID_Type": "IRD",
            "National_ID_Desc": "Inland Revenue Department Number",
            "Display_Format": "NNNNNNNNN",
            "Regular_Expression": "[\\d]{9}|[\\d]{8}"
        },
        {
            "Country_Code": "NZL",
            "Country": "New Zealand",
            "National_ID_Type": "NHI",
            "National_ID_Desc": "National Health Index (NHI) number",
            "Display_Format": "XXXXXXX",
            "Regular_Expression": "[A-Z]{3}[\\d]{4}"
        },
        {
            "Country_Code": "OMN",
            "Country": "Oman",
            "National_ID_Type": "CN",
            "National_ID_Desc": "Civil Number",
            "Display_Format": "NNNNNNNNNN",
            "Regular_Expression": "[\\d]{8,10}"
        },
        {
            "Country_Code": "OMN",
            "Country": "Oman",
            "National_ID_Type": "GCC",
            "National_ID_Desc": "GCC ID Number",
            "Display_Format": "XXXXXXXXXXX",
            "Regular_Expression": "(?!.*(-)\\1)[\\d]{1}[-0-9]{6,16}[\\d]{1}"
        },
        {
            "Country_Code": "OMN",
            "Country": "Oman",
            "National_ID_Type": "NI",
            "National_ID_Desc": "National ID",
            "Display_Format": "NNNNNNNNNNNN",
            "Regular_Expression": "[\\d]{8,12}"
        },
        {
            "Country_Code": "OMN",
            "Country": "Oman",
            "National_ID_Type": "SSN",
            "National_ID_Desc": "Social Security Number",
            "Display_Format": "NNNNNNNN",
            "Regular_Expression": "[\\d]{1,7}"
        },
        {
            "Country_Code": "PAK",
            "Country": "Pakistan",
            "National_ID_Type": "NIC1",
            "National_ID_Desc": "Computerised NIC",
            "Display_Format": "NNNNN-NNNNNNN-N",
            "Regular_Expression": "[\\d]{5}-[\\d]{7}-[\\d]{1}"
        },
        {
            "Country_Code": "PAN",
            "Country": "Panama",
            "National_ID_Type": "CID",
            "National_ID_Desc": "Cedula ID",
            "Display_Format": "Open Text Field. No Format",
            "Regular_Expression": "[0-9a-zA-Z]{0-20}"
        },
        {
            "Country_Code": "PAN",
            "Country": "Panama",
            "National_ID_Type": "NSS",
            "National_ID_Desc": "Número de seguridad social",
            "Display_Format": "Open Text Field. No Format",
            "Regular_Expression": "[0-9a-zA-Z]{0-20}"
        },
        {
            "Country_Code": "PER",
            "Country": "Peru",
            "National_ID_Type": "DNI ID",
            "National_ID_Desc": "Documento Nacional de Identidad",
            "Display_Format": "NNNNNNNN",
            "Regular_Expression": "[\\d]{8}"
        },
        {
            "Country_Code": "PER",
            "Country": "Peru",
            "National_ID_Type": "CE",
            "National_ID_Desc": "Carné de Extranjería",
            "Display_Format": "NNNNNNNNN",
            "Regular_Expression": "[\\d]{9}"
        },
        {
            "Country_Code": "PHL",
            "Country": "Philippines",
            "National_ID_Type": "PH",
            "National_ID_Desc": "Primary National ID",
            "Display_Format": "756-NNNN-NNNN-NN",
            "Regular_Expression": "[7][5][6]-[\\d]{4}-[\\d]{4}-[\\d]{2}"
        },
        {
            "Country_Code": "PHL",
            "Country": "Philippines",
            "National_ID_Type": "SSN",
            "National_ID_Desc": "Social Security Number",
            "Display_Format": "XXXXXXXXXX",
            "Regular_Expression": "[A-Za-z0-9]{10}"
        },
        {
            "Country_Code": "PHL",
            "Country": "Philippines",
            "National_ID_Type": "TIN",
            "National_ID_Desc": "Tax ID Number",
            "Display_Format": "XXXXXXXXX",
            "Regular_Expression": "[A-Za-z0-9]{9}"
        },
        {
            "Country_Code": "PHL",
            "Country": "Philippines",
            "National_ID_Type": "PHN",
            "National_ID_Desc": "Phihealth Number",
            "Display_Format": "XXXXXXXXXXXX",
            "Regular_Expression": "[A-Za-z0-9]{12}"
        },
        {
            "Country_Code": "PHL",
            "Country": "Philippines",
            "National_ID_Type": "HDMF",
            "National_ID_Desc": "HDMF",
            "Display_Format": "XXXXXXXXXXXX",
            "Regular_Expression": "[A-Za-z0-9]{12}"
        },
        {
            "Country_Code": "POL",
            "Country": "Poland",
            "National_ID_Type": "NIP",
            "National_ID_Desc": "Tax Identification Number",
            "Display_Format": "NNNNNNNNNN",
            "Regular_Expression": "[\\d]{10}"
        },
        {
            "Country_Code": "POL",
            "Country": "Poland",
            "National_ID_Type": "PESEL",
            "National_ID_Desc": "PESEL (Powszechny Elektroniczny System Ewidencji Ludności)",
            "Display_Format": "NNNNNNNNNNN",
            "Regular_Expression": "[\\d]{11}"
        },
        {
            "Country_Code": "POL",
            "Country": "Poland",
            "National_ID_Type": "NID",
            "National_ID_Desc": "National ID",
            "Display_Format": "AAA NNNNNN",
            "Regular_Expression": "[a-zA-Z]{3} [\\d]{6}"
        },
        {
            "Country_Code": "PRT",
            "Country": "Portugal",
            "National_ID_Type": "FN",
            "National_ID_Desc": "FN - Fiscal Number",
            "Display_Format": "NNNNNNNNN",
            "Regular_Expression": "[129]{1}[\\d]{8}"
        },
        {
            "Country_Code": "PRT",
            "Country": "Portugal",
            "National_ID_Type": "SSN",
            "National_ID_Desc": "SSN - Social Security Number",
            "Display_Format": "NNNNNNNNNNN",
            "Regular_Expression": "[\\d]{11}"
        },
        {
            "Country_Code": "PRT",
            "Country": "Portugal",
            "National_ID_Type": "IN",
            "National_ID_Desc": "IN - Identity Number",
            "Display_Format": "NNNNNNNN",
            "Regular_Expression": "[\\d]{7,8}"
        },
        {
            "Country_Code": "PRY",
            "Country": "Paraguay",
            "National_ID_Type": "CI",
            "National_ID_Desc": "Cedula de Identidad",
            "Display_Format": "NNNNNNNN",
            "Regular_Expression": "[\\d]{8}"
        },
        {
            "Country_Code": "PSE",
            "Country": "Palestinian Territory, Occupie",
            "National_ID_Type": "PL_ID",
            "National_ID_Desc": "Palestinian ID",
            "Display_Format": "NNNNNNNNN",
            "Regular_Expression": "[\\d]{9}"
        },
        {
            "Country_Code": "QAT",
            "Country": "Qatar",
            "National_ID_Type": "WRKPMT",
            "National_ID_Desc": "Work Permit",
            "Display_Format": "NNNNNNNNNNN",
            "Regular_Expression": "[\\d]{11}"
        },
        {
            "Country_Code": "QAT",
            "Country": "Qatar",
            "National_ID_Type": "RP",
            "National_ID_Desc": "Residence Permit",
            "Display_Format": "NNNNNNNNNNNN",
            "Regular_Expression": "[\\d]{8,12}"
        },
        {
            "Country_Code": "ROU",
            "Country": "Romania",
            "National_ID_Type": "NID",
            "National_ID_Desc": "National Id Number",
            "Display_Format": "AXNNNNNN",
            "Regular_Expression": "[A-Z]{1}[A-Za-z0-9]{1}[\\d]{6}"
        },
        {
            "Country_Code": "ROU",
            "Country": "Romania",
            "National_ID_Type": "PID",
            "National_ID_Desc": "Personal Identifier Number",
            "Display_Format": "NNNNNNNNNNNNN",
            "Regular_Expression": "[\\d]{13}"
        },
        {
            "Country_Code": "RUS",
            "Country": "Russian Federation",
            "National_ID_Type": "ssn",
            "National_ID_Desc": "Social Security Number",
            "Display_Format": "XXX-XX-XXXX",
            "Regular_Expression": "[\\d]{3}-[\\d]{2}-[\\d]{4}"
        },
        {
            "Country_Code": "RUS",
            "Country": "Russian Federation",
            "National_ID_Type": "INN",
            "National_ID_Desc": "Individual Taxpayer Identification Number ",
            "Display_Format": "NNNNNNNNNNNN",
            "Regular_Expression": "[\\d]{12}"
        },
        {
            "Country_Code": "RUS",
            "Country": "Russian Federation",
            "National_ID_Type": "SNILS",
            "National_ID_Desc": "Pension card ",
            "Display_Format": "NNN-NNN-NNN NN",
            "Regular_Expression": "[\\d]{3}-[\\d]{3}-[\\d]{3}-[\\d]{2}"
        },
        {
            "Country_Code": "RWA",
            "Country": "Rwanda",
            "National_ID_Type": "ID",
            "National_ID_Desc": "Identification Numer",
            "Display_Format": "N NNNN N NNNNNNN N NN",
            "Regular_Expression": "[\\d] [\\d]{4} [\\d]{1} [\\d]{7} [\\d]{1} [\\d]{2}"
        },
        {
            "Country_Code": "SAU",
            "Country": "Saudi Arabia",
            "National_ID_Type": "sni",
            "National_ID_Desc": "National ID",
            "Display_Format": "1NNNNNNNNN",
            "Regular_Expression": "[1][\\d]{9}"
        },
        {
            "Country_Code": "SAU",
            "Country": "Saudi Arabia",
            "National_ID_Type": "NID",
            "National_ID_Desc": "Iqama ",
            "Display_Format": "2NNNNNNNNN",
            "Regular_Expression": "[2][\\d]{9}"
        },
        {
            "Country_Code": "SEN",
            "Country": "Senegal",
            "National_ID_Type": "NIC",
            "National_ID_Desc": "National Identity Card",
            "Display_Format": "N NNN NNNN NNNNN",
            "Regular_Expression": "[\\d]{1} [\\d]{3} [\\d]{4} [\\d]{5}"
        },
        {
            "Country_Code": "SGP",
            "Country": "Singapore",
            "National_ID_Type": "FIN",
            "National_ID_Desc": "Foreigner ID number",
            "Display_Format": "ANNNNNNNA",
            "Regular_Expression": "[G,F]{1}[\\d]{7}[A-Z]{1"
        },
        {
            "Country_Code": "SGP",
            "Country": "Singapore",
            "National_ID_Type": "NRICBLUE",
            "National_ID_Desc": "Permanent Resident",
            "Display_Format": "ANNNNNNNA",
            "Regular_Expression": "[S,T]{1}[\\d]{7}[A-Z]{1}"
        },
        {
            "Country_Code": "SGP",
            "Country": "Singapore",
            "National_ID_Type": "NRICPINK",
            "National_ID_Desc": "Singapore Citizen",
            "Display_Format": "ANNNNNNNA",
            "Regular_Expression": " [S,T]{1}[\\d]{7}[A-Z]{1}"
        },
        {
            "Country_Code": "SLV",
            "Country": "El Salvador",
            "National_ID_Type": "DUI",
            "National_ID_Desc": "Documento Único de Identidad",
            "Display_Format": "Open Text Field. No Format",
            "Regular_Expression": "[0-9a-zA-Z]{0-20}"
        },
        {
            "Country_Code": "SLV",
            "Country": "El Salvador",
            "National_ID_Type": "NIT",
            "National_ID_Desc": "Número de identificación tributaria",
            "Display_Format": "Open Text Field. No Format",
            "Regular_Expression": "[0-9a-zA-Z]{0-20}"
        },
        {
            "Country_Code": "SLV",
            "Country": "El Salvador",
            "National_ID_Type": "TA",
            "National_ID_Desc": "Tarjeta de afiliación",
            "Display_Format": "Open Text Field. No Format",
            "Regular_Expression": "[0-9a-zA-Z]{0-20}"
        },
        {
            "Country_Code": "SRB",
            "Country": "Serbia, Republic of",
            "National_ID_Type": "NID2",
            "National_ID_Desc": "National ID Number New",
            "Display_Format": "NNNNNNNNN",
            "Regular_Expression": "[\\d]{9}"
        },
        {
            "Country_Code": "SRB",
            "Country": "Serbia, Republic of",
            "National_ID_Type": "NID1",
            "National_ID_Desc": "National ID Number Old",
            "Display_Format": "XNNNNNN",
            "Regular_Expression": "[A-Za-z0-9]{1}[\\d]{6}"
        },
        {
            "Country_Code": "SRB",
            "Country": "Serbia, Republic of",
            "National_ID_Type": "PID",
            "National_ID_Desc": "Personal Identifier Number",
            "Display_Format": "NNNNNNNNNNNNN",
            "Regular_Expression": "[\\d]{13}"
        },
        {
            "Country_Code": "SVK",
            "Country": "Slovakia",
            "National_ID_Type": "RC",
            "National_ID_Desc": "Birth certificate number",
            "Display_Format": "NNNNNN/NNNN",
            "Regular_Expression": "[\\d]{6}/[\\d]{4}"
        },
        {
            "Country_Code": "SVK",
            "Country": "Slovakia",
            "National_ID_Type": "IDCARD",
            "National_ID_Desc": "Identification card number",
            "Display_Format": "XXNNNNNNNNN",
            "Regular_Expression": "[A-Za-z0-9]{2} [\\d]{6}"
        },
        {
            "Country_Code": "SVN",
            "Country": "Slovenia",
            "National_ID_Type": "UMCN",
            "National_ID_Desc": "Enotna matična številka občana (EMŠO)",
            "Display_Format": "NNNNNNNNNNNNN",
            "Regular_Expression": "[\\d]{13}"
        },
        {
            "Country_Code": "SVN",
            "Country": "Slovenia",
            "National_ID_Type": "ACCANR",
            "National_ID_Desc": "ACCA registration Number",
            "Display_Format": "NNNNNNN",
            "Regular_Expression": "[\\d]{7}"
        },
        {
            "Country_Code": "SVN",
            "Country": "Slovenia",
            "National_ID_Type": "ADD.HI",
            "National_ID_Desc": "Addit. Health Insurance Num.",
            "Display_Format": "NNNNNNNN",
            "Regular_Expression": "[\\d]{8}"
        },
        {
            "Country_Code": "SVN",
            "Country": "Slovenia",
            "National_ID_Type": "DAVCNA",
            "National_ID_Desc": "TAX ID Number",
            "Display_Format": "NNNNNNNN",
            "Regular_Expression": "[\\d]{8}"
        },
        {
            "Country_Code": "SVN",
            "Country": "Slovenia",
            "National_ID_Type": "EMSO",
            "National_ID_Desc": "State ID Number",
            "Display_Format": "NNNNNNNNNNNNN",
            "Regular_Expression": "[\\d]{13}"
        },
        {
            "Country_Code": "SVN",
            "Country": "Slovenia",
            "National_ID_Type": "H.INS",
            "National_ID_Desc": "Health Insurance Number",
            "Display_Format": "NNNNNNNNN NNN",
            "Regular_Expression": "[\\d]{9} [\\d]{3}"
        },
        {
            "Country_Code": "SVN",
            "Country": "Slovenia",
            "National_ID_Type": "PERDOC",
            "National_ID_Desc": "Personal ID Card Number",
            "Display_Format": "NNNNNNNNN",
            "Regular_Expression": "[\\d]{9}"
        },
        {
            "Country_Code": "SWE",
            "Country": "Sweden",
            "National_ID_Type": "PIN",
            "National_ID_Desc": "Personnummer",
            "Display_Format": "YYYYMMDD-NNNN",
            "Regular_Expression": "[\\d]{8}-[\\d]{4}"
        },
        {
            "Country_Code": "TCD",
            "Country": "Chad",
            "National_ID_Type": "ID",
            "National_ID_Desc": "Identification Numer",
            "Display_Format": "NNN-NNNNNNNN-NN",
            "Regular_Expression": "\\d]{3}-[\\d]{8}-[\\d]{2}"
        },
        {
            "Country_Code": "THA",
            "Country": "Thailand",
            "National_ID_Type": "tni",
            "National_ID_Desc": "Thai National Identification Number",
            "Display_Format": "N NNNN NNNNN NN N",
            "Regular_Expression": "[\\d]{1} [\\d]{4} [\\d]{5} [\\d]{2} [\\d]{1}"
        },
        {
            "Country_Code": "TTO",
            "Country": "Trinidad and Tobago",
            "National_ID_Type": "NTLINS",
            "National_ID_Desc": "National Insurance",
            "Display_Format": "NNNNNNNNN",
            "Regular_Expression": "[\\d]{9}"
        },
        {
            "Country_Code": "TUN",
            "Country": "Tunisia",
            "National_ID_Type": "TUNCIN",
            "National_ID_Desc": "No Carte Identité Nat. Tunisie",
            "Display_Format": "NNNNNNNN",
            "Regular_Expression": "[\\d]{8}"
        },
        {
            "Country_Code": "TUN",
            "Country": "Tunisia",
            "National_ID_Type": "CNVNID",
            "National_ID_Desc": "National ID Card Number (Foreigner)",
            "Display_Format": "Open Text Field. No Format",
            "Regular_Expression": "[0-9a-zA-Z]{0-20}"
        },
        {
            "Country_Code": "TUR",
            "Country": "Turkey",
            "National_ID_Type": "NID",
            "National_ID_Desc": "National Id Number",
            "Display_Format": "NNNNNNNNNNN",
            "Regular_Expression": "[\\d]{11}"
        },
        {
            "Country_Code": "TUR",
            "Country": "Turkey",
            "National_ID_Type": "SSN",
            "National_ID_Desc": "Social Security Number",
            "Display_Format": "NNNNNNNNNNNNN",
            "Regular_Expression": "[\\d]{13}"
        },
        {
            "Country_Code": "TWN",
            "Country": "Taiwan",
            "National_ID_Type": "ARC",
            "National_ID_Desc": "ARC card ",
            "Display_Format": "AANNNNNNNN New Format to Add : ANNNNNNNNN",
            "Regular_Expression": "([A-Z]{1}[\\d]{9})|([A-Z]{2}[\\d]{8})"
        },
        {
            "Country_Code": "TWN",
            "Country": "Taiwan",
            "National_ID_Type": "IDC",
            "National_ID_Desc": "National ID ",
            "Display_Format": "ANNNNNNNNN",
            "Regular_Expression": "[A-Z]{1}[\\d]{9}"
        },
        {
            "Country_Code": "TZA",
            "Country": "Tanzania, United Republic of",
            "National_ID_Type": "CONVID",
            "National_ID_Desc": "Conversion Dummy ID",
            "Display_Format": "NNNNN",
            "Regular_Expression": "[\\d]{5}"
        },
        {
            "Country_Code": "TZA",
            "Country": "Tanzania, United Republic of",
            "National_ID_Type": "CIC",
            "National_ID_Desc": "Citizen Identity Card",
            "Display_Format": "NNNNNNNN-NNNNN-NNNNN-NN",
            "Regular_Expression": "[\\d]{8}-[\\d]{5}-[\\d]{5}-[\\d]{2}"
        },
        {
            "Country_Code": "UGA",
            "Country": "Uganda",
            "National_ID_Type": "NIC",
            "National_ID_Desc": "National Identity Card",
            "Display_Format": "NNNNNNNNN",
            "Regular_Expression": "[\\d]{9}"
        },
        {
            "Country_Code": "UGA",
            "Country": "Uganda",
            "National_ID_Type": "NID",
            "National_ID_Desc": "National ID",
            "Display_Format": "XXNNNNNNNXXXNX",
            "Regular_Expression": "[0-9a-zA-Z]{2}[\\d]{7}[0-9a-zA-Z]{3}[\\d]{1}[0-9a-zA-Z]{1}"
        },
        {
            "Country_Code": "UKR",
            "Country": "Ukraine",
            "National_ID_Type": "TN",
            "National_ID_Desc": "Tax Number",
            "Display_Format": "NNNNNNNNNN",
            "Regular_Expression": "[\\d]{10}"
        },
        {
            "Country_Code": "UKR",
            "Country": "Ukraine",
            "National_ID_Type": "PTIN",
            "National_ID_Desc": "Personal Tax Identification Number ",
            "Display_Format": "Open Text Field. No Format",
            "Regular_Expression": "[0-9a-zA-Z]{0-20}"
        },
        {
            "Country_Code": "URY",
            "Country": "Uruguay",
            "National_ID_Type": "CI1",
            "National_ID_Desc": "CI - Carnet Identidad",
            "Display_Format": "NNNNNNN-N",
            "Regular_Expression": "[\\d]{7}-[\\d]{1}"
        },
        {
            "Country_Code": "USA",
            "Country": "United States",
            "National_ID_Type": "ssn",
            "National_ID_Desc": "Social Security Number",
            "Display_Format": "NNN-NN-NNNN",
            "Regular_Expression": "[\\d]{3}-[\\d]{2}-[\\d]{4}"
        },
        {
            "Country_Code": "UZB",
            "Country": "Uzbekistan",
            "National_ID_Type": "WB",
            "National_ID_Desc": "Work Book",
            "Display_Format": "Open Text Field. No Format",
            "Regular_Expression": "[0-9a-zA-Z]{0-20}"
        },
        {
            "Country_Code": "UZB",
            "Country": "Uzbekistan",
            "National_ID_Type": "INN",
            "National_ID_Desc": "Individual Taxpayer Identification Number",
            "Display_Format": "NNNNNNNNN",
            "Regular_Expression": "[\\d]{9}"
        },
        {
            "Country_Code": "UZB",
            "Country": "Uzbekistan",
            "National_ID_Type": "INPS",
            "National_ID_Desc": "Individual Pension Savings Accounts",
            "Display_Format": "NNNNNNNNNNNNNN",
            "Regular_Expression": "[\\d]{14}"
        },
        {
            "Country_Code": "VEN",
            "Country": "Venezuela",
            "National_ID_Type": "RIF",
            "National_ID_Desc": "Registro de Información Fiscal",
            "Display_Format": "X-NNNNNNNN-N",
            "Regular_Expression": "[A-Z]{1}-[\\d]{8}-[\\d]{1}"
        },
        {
            "Country_Code": "VGB",
            "Country": "Virgin Islands (British)",
            "National_ID_Type": "SSN",
            "National_ID_Desc": "SSN",
            "Display_Format": "NNNNN",
            "Regular_Expression": "[\\d]{5}"
        },
        {
            "Country_Code": "VNM",
            "Country": "Viet Nam",
            "National_ID_Type": "VNID2",
            "National_ID_Desc": "VN ID Card Number 2",
            "Display_Format": "NNNNNNNNNNNN",
            "Regular_Expression": "[\\d]{12}"
        },
        {
            "Country_Code": "VNM",
            "Country": "Viet Nam",
            "National_ID_Type": "VNID1",
            "National_ID_Desc": "VN ID Card Number 1",
            "Display_Format": "NNNNNNNNN",
            "Regular_Expression": "[\\d]{9}"
        },
        {
            "Country_Code": "XKX",
            "Country": "",
            "National_ID_Type": "NID",
            "National_ID_Desc": "ID Card number",
            "Display_Format": "NNNNNNNNN",
            "Regular_Expression": "[\\d]{9}"
        },
        {
            "Country_Code": "ZAF",
            "Country": "South Africa",
            "National_ID_Type": "ID",
            "National_ID_Desc": "Identification Numer",
            "Display_Format": "NNNNNNNNNNNNN",
            "Regular_Expression": "[\\d]{13}"
        },
        {
            "Country_Code": "ZAF",
            "Country": "South Africa",
            "National_ID_Type": "TN",
            "National_ID_Desc": "TN - TAX Number",
            "Display_Format": "NNNNNNNNNN",
            "Regular_Expression": "[\\d]{10}"
        },
        {
            "Country_Code": "ZMB",
            "Country": "Zambia",
            "National_ID_Type": "VC",
            "National_ID_Desc": "Voter Card",
            "Display_Format": "NNNNNNNN",
            "Regular_Expression": "[\\d]{8}"
        },
        {
            "Country_Code": "ZMB",
            "Country": "Zambia",
            "National_ID_Type": "ID",
            "National_ID_Desc": "National Registration Card",
            "Display_Format": "NNNNNN/NN/N",
            "Regular_Expression": "[\\d]{6}/[\\d]{2}/[\\d]{1}"
        },
        {
            "Country_Code": "ZWE",
            "Country": "Zimbabwe",
            "National_ID_Type": "ID_11",
            "National_ID_Desc": "Identification number 11 Digit",
            "Display_Format": "NN-NNNNNNXNN",
            "Regular_Expression": "[\\d]{2}-[\\d]{6}[\\A-Z]{1}[\\d]{2}"
        },
        {
            "Country_Code": "ZWE",
            "Country": "Zimbabwe",
            "National_ID_Type": "ID F1",
            "National_ID_Desc": "Identification number 12 Digit",
            "Display_Format": "NN-NNNNNNNXNN",
            "Regular_Expression": "[\\d]{2}-[\\d]{7}[A-Za-z0-9]{1}[\\d]{2}"
        }
    ]
}