{
  "PackageMap": {
    "Packs": [
      {
        "Group": "FO_Group1",
        "Order": 1,
        "Table_Name": "FO_GeographicArea",
        "Name": "GeographicArea",
        "Class_Name": "GeographicAreaFO",
        "IsCPI": false,
        "IsSFIC": true,
        "Package_Name": "Symphony_EC_SFTP_cust_Geographic_area",
        "Entity_Name": "cust_Geographic_area",
        "Create_TC_Name": "TC001_Create_FO_GeographicArea",
        "Validate_TC_Name": "TC047_Validate_FO_GeographicArea",
        "CS_File_Name": "GeographicArea.cs"
      },
      {
        "Group": "FO_Group1",
        "Order": 2,
        "Table_Name": "FO_GeographicRegion",
        "Name": "GeographicRegion",
        "Class_Name": "GeographicRegionFO",
        "IsCPI": false,
        "IsSFIC": true,
        "Package_Name": "Symphony_EC_SFTP_FOLocationGroup",
        "Entity_Name": "FOLocationGroup",
        "Create_TC_Name": "TC002_Create_FO_GeographicRegion",
        "Validate_TC_Name": "TC048_Validate_FO_GeographicRegion",
        "CS_File_Name": "GeographicRegion.cs"
      },
      {
        "Group": "FO_Group1",
        "Order": 3,
        "Table_Name": "FO_ManagerialCountry",
        "Name": "ManagerialCountry",
        "Class_Name": "ManagerialCountryFO",
        "IsCPI": false,
        "IsSFIC": true,
        "Package_Name": "Symphony_EC_SFTP_cust_Managerial_Country",
        "Entity_Name": "cust_Managerial_Country",
        "Create_TC_Name": "TC003_Create_FO_ManagerialCountry",
        "Validate_TC_Name": "TC049_Validate_FO_ManagerialCountry",
        "CS_File_Name": "ManagerialCountry.cs"
      },
      {
        "Group": "FO_Group1",
        "Order": 4,
        "Table_Name": "FO_ManagementArea",
        "Name": "ManagementArea",
        "Class_Name": "ManagementAreaFO",
        "IsCPI": false,
        "IsSFIC": true,
        "Package_Name": "Symphony_EC_SFTP_cust_Region",
        "Entity_Name": "cust_Region",
        "Create_TC_Name": "TC004_Create_FO_ManagementArea",
        "Validate_TC_Name": "TC050_Validate_FO_ManagementArea",
        "CS_File_Name": "ManagementArea.cs"
      },
      {
        "Group": "FO_Group1",
        "Order": 5,
        "Table_Name": "FO_ManagementRegion",
        "Name": "ManagementRegion",
        "Class_Name": "ManagementRegionFO",
        "IsCPI": true,
        "IsSFIC": false,
        "Package_Name": "Business Unit SFEC to SFTP ControlM",
        "Entity_Name": "FOBusinessUnit",
        "Create_TC_Name": "TC005_Create_FO_ManagementRegion",
        "Validate_TC_Name": "TC051_Validate_FO_ManagementRegion",
        "CS_File_Name": "ManagementRegion.cs"
      },
      {
        "Group": "FO_Group1",
        "Order": 6,
        "Table_Name": "FO_ManagementUnit",
        "Name": "ManagementUnit",
        "Class_Name": "ManagementUnitFO",
        "IsCPI": false,
        "IsSFIC": true,
        "Package_Name": "Symphony_EC_SFTP_cust_Management_Unit",
        "Entity_Name": "cust_Management_Unit",
        "Create_TC_Name": "TC006_Create_FO_ManagementUnit",
        "Validate_TC_Name": "TC052_Validate_FO_ManagementUnit",
        "CS_File_Name": "ManagementUnit.cs"
      },
      {
        "Group": "FO_Group1",
        "Order": 7,
        "Table_Name": "FO_SubManagementUnit",
        "Name": "SubManagementUnit",
        "Class_Name": "SubManagementUnitFO",
        "IsCPI": false,
        "IsSFIC": true,
        "Package_Name": "Symphony_EC_SFTP_cust_sub_management",
        "Entity_Name": "cust_sub_management_unit",
        "Create_TC_Name": "TC007_Create_FO_SubManagementUnit",
        "Validate_TC_Name": "TC053_Validate_FO_SubManagementUnit",
        "CS_File_Name": "SubManagementUnit.cs"
      },
      {
        "Group": "FO_Group1",
        "Order": 8,
        "Table_Name": "FO_OperatingUnit",
        "Name": "OperatingUnit",
        "Class_Name": "OperatingUnitFO",
        "IsCPI": false,
        "IsSFIC": true,
        "Package_Name": "Symphony_EC_SFTP_cust_operation_unit",
        "Entity_Name": "cust_operation_unit",
        "Create_TC_Name": "TC008_Create_FO_OperatingUnit",
        "Validate_TC_Name": "TC054_Validate_FO_OperatingUnit",
        "CS_File_Name": "OperatingUnit.cs"
      },
      {
        "Group": "FO_Group1",
        "Order": 9,
        "Table_Name": "FO_CostCenter",
        "Name": "CostCenter",
        "Class_Name": "CostCenterFO",
        "IsCPI": false,
        "IsSFIC": true,
        "Package_Name": "Symphony_EC_SFTP_FOCostCenter",
        "Entity_Name": "FOCostCenter",
        "Create_TC_Name": "TC009_Create_FO_CostCenter",
        "Validate_TC_Name": "TC055_Validate_FO_CostCenter",
        "CS_File_Name": "CostCenter.cs"
      },
      {
        "Group": "FO_Group1",
        "Order": 10,
        "Table_Name": "FO_CodeBlock",
        "Name": "CodeBlock",
        "Class_Name": "CodeBlockFO",
        "IsCPI": true,
        "IsSFIC": false,
        "Package_Name": "Code Block SFEC to SFTP ControlM",
        "Entity_Name": "cust_codeblock",
        "Create_TC_Name": "TC010_Create_FO_CodeBlock",
        "Validate_TC_Name": "TC056_Validate_FO_CodeBlock",
        "CS_File_Name": "CodeBlock.cs"
      },
      {
        "Group": "FO_Group1",
        "Order": 11,
        "Table_Name": "FO_Establishment",
        "Name": "Establishment",
        "Class_Name": "EstablishmentFO",
        "IsCPI": false,
        "IsSFIC": true,
        "Package_Name": "Symphony_EC_SFTP_cust_establishmentid",
        "Entity_Name": "cust_establishmentid",
        "Create_TC_Name": "TC011_Create_FO_Establishment",
        "Validate_TC_Name": "TC057_Validate_FO_Establishment",
        "CS_File_Name": "Establishment.cs"
      },
      {
        "Group": "FO_Group1",
        "Order": 12,
        "Table_Name": "FO_CorporateAddress",
        "Name": "CorporateAddress",
        "Class_Name": "CorporateAddressFO",
        "IsCPI": true,
        "IsSFIC": false,
        "Package_Name": "CorporateAddress SFEC to SFTP Control M",
        "Entity_Name": "FOCorporateAddressDEFLT",
        "Create_TC_Name": "TC012_Create_FO_CorporateAddress",
        "Validate_TC_Name": "TC058_Validate_FO_CorporateAddress",
        "CS_File_Name": "CorporateAddress.cs"
      },
      {
        "Group": "FO_Group1",
        "Order": 13,
        "Table_Name": "FO_GeoZone",
        "Name": "GeoZone",
        "Class_Name": "GeoZoneFO",
        "IsCPI": false,
        "IsSFIC": true,
        "Package_Name": "Symphony_EC_SFTP_FOGeozone",
        "Entity_Name": "FOGeozone",
        "Create_TC_Name": "TC013_Create_FO_GeoZone",
        "Validate_TC_Name": "TC059_Validate_FO_GeoZone",
        "CS_File_Name": "GeoZone.cs"
      },
      {
        "Group": "FO_Group1",
        "Order": 14,
        "Table_Name": "FO_Location",
        "Name": "Location",
        "Class_Name": "LocationFO",
        "IsCPI": true,
        "IsSFIC": false,
        "Package_Name": "Location SFEC to SFTP Control M",
        "Entity_Name": "FOLocation",
        "Create_TC_Name": "TC014_Create_FO_Location",
        "Validate_TC_Name": "TC060_Validate_FO_Location",
        "CS_File_Name": "Location.cs"
      },
      {
        "Group": "FO_Group1",
        "Order": 15,
        "Table_Name": "FO_LegalEntity",
        "Name": "LegalEntity",
        "Class_Name": "LegalEntityFO",
        "IsCPI": false,
        "IsSFIC": true,
        "Package_Name": "Symphony_EC_SFTP_FOCompany",
        "Entity_Name": "FOCompany",
        "Create_TC_Name": "TC015_Create_FO_LegalEntity",
        "Validate_TC_Name": "TC061_Validate_FO_LegalEntity",
        "CS_File_Name": "LegalEntity.cs"
      },
      {
        "Group": "FO_Group1",
        "Order": 16,
        "Table_Name": "FO_Speciality",
        "Name": "Speciality",
        "Class_Name": "SpecialityFO",
        "IsCPI": true,
        "IsSFIC": false,
        "Package_Name": "Division SFEC to SFTP ControlM",
        "Entity_Name": "FODivision",
        "Create_TC_Name": "TC016_Create_FO_Speciality",
        "Validate_TC_Name": "TC062_Validate_FO_Speciality",
        "CS_File_Name": "Speciality.cs"
      },
      {
        "Group": "FO_Group1",
        "Order": 17,
        "Table_Name": "FO_ServiceLine",
        "Name": "ServiceLine",
        "Class_Name": "ServiceLineFO",
        "IsCPI": false,
        "IsSFIC": true,
        "Package_Name": "Symphony_EC_SFTP_cust_ServiceLine",
        "Entity_Name": "cust_ServiceLine",
        "Create_TC_Name": "TC017_Create_FO_ServiceLine",
        "Validate_TC_Name": "TC063_Validate_FO_ServiceLine",
        "CS_File_Name": "ServiceLine.cs"
      },
      {
        "Group": "FO_Group1",
        "Order": 18,
        "Table_Name": "FO_SubServiceLine",
        "Name": "SubServiceLine",
        "Class_Name": "SubServiceLineFO",
        "IsCPI": true,
        "IsSFIC": false,
        "Package_Name": "Sub Service Line SFEC to SFTP ControlM",
        "Entity_Name": "cust_subServiceLine",
        "Create_TC_Name": "TC018_Create_FO_SubServiceLine",
        "Validate_TC_Name": "TC064_Validate_FO_SubServiceLine",
        "CS_File_Name": "SubServiceLine.cs"
      },
      {
        "Group": "FO_Group1",
        "Order": 19,
        "Table_Name": "FO_Department",
        "Name": "Department",
        "Class_Name": "DepartmentFO",
        "IsCPI": true,
        "IsSFIC": false,
        "Package_Name": "Department SFEC To SFTP ControlM",
        "Entity_Name": "FODepartment",
        "Create_TC_Name": "TC019_Create_FO_Department",
        "Validate_TC_Name": "TC065_Validate_FO_Department",
        "CS_File_Name": "Department.cs"
      },
      {
        "Group": "FO_Group2",
        "Order": 20,
        "Table_Name": "FO_JobFamilyGroup",
        "Name": "JobFamilyGroup",
        "Class_Name": "JobFamilyGroupFO",
        "IsCPI": false,
        "IsSFIC": true,
        "Package_Name": "Symphony_EC_SFTP_cust_jobfamilygroup",
        "Entity_Name": "cust_jobfamilygroup",
        "Create_TC_Name": "TC020_Create_FO_JobFamilyGroup",
        "Validate_TC_Name": "TC066_Validate_FO_JobFamilyGroup",
        "CS_File_Name": "JobFamilyGroup.cs"
      },
      {
        "Group": "FO_Group2",
        "Order": 21,
        "Table_Name": "FO_JobFamily",
        "Name": "JobFamily",
        "Class_Name": "JobFamilyFO",
        "IsCPI": true,
        "IsSFIC": false,
        "Package_Name": "JobFamily SFEC To SFTP ControlM",
        "Entity_Name": "cust_jobfamily",
        "Create_TC_Name": "TC021_Create_FO_JobFamily",
        "Validate_TC_Name": "TC067_Validate_FO_JobFamily",
        "CS_File_Name": "JobFamily.cs"
      },
      {
        "Group": "FO_Group2",
        "Order": 22,
        "Table_Name": "FO_CareerLevel",
        "Name": "CareerLevel",
        "Class_Name": "CareerLevelFO",
        "IsCPI": false,
        "IsSFIC": true,
        "Package_Name": "Symphony_EC_SFTP_cust_Careerlevel",
        "Entity_Name": "cust_Careerlevel",
        "Create_TC_Name": "TC022_Create_FO_CareerLevel",
        "Validate_TC_Name": "TC068_Validate_FO_CareerLevel",
        "CS_File_Name": "CareerLevel.cs"
      },
      {
        "Group": "FO_Group2",
        "Order": 23,
        "Table_Name": "FO_JobRoleType",
        "Name": "JobRoleType",
        "Class_Name": "JobRoleTypeFO",
        "IsCPI": true,
        "IsSFIC": false,
        "Package_Name": "JobRoleType SFEC To SFTP ControlM",
        "Entity_Name": "cust_jobroletype",
        "Create_TC_Name": "TC023_Create_FO_JobRoleType",
        "Validate_TC_Name": "TC069_Validate_FO_JobRoleType",
        "CS_File_Name": "JobRoleType.cs"
      },
      {
        "Group": "FO_Group2",
        "Order": 24,
        "Table_Name": "FO_JobFunction",
        "Name": "JobFunction",
        "Class_Name": "JobFunctionFO",
        "IsCPI": false,
        "IsSFIC": true,
        "Package_Name": "Symphony_EC_SFTP_FOJobFunction",
        "Entity_Name": "FOJobFunction",
        "Create_TC_Name": "TC024_Create_FO_JobFunction",
        "Validate_TC_Name": "TC070_Validate_FO_JobFunction",
        "CS_File_Name": "JobFunction.cs"
      },
      {
        "Group": "FO_Group2",
        "Order": 25,
        "Table_Name": "FO_RewardsDiversifier",
        "Name": "RewardsDiversifier",
        "Class_Name": "RewardsDiversifierFO",
        "IsCPI": true,
        "IsSFIC": false,
        "Package_Name": "Rewards Diversifier SFEC to SFTP ControlM",
        "Entity_Name": "cust_RewardsDiversifier",
        "Create_TC_Name": "TC025_Create_FO_RewardsDiversifier",
        "Validate_TC_Name": "TC071_Validate_FO_RewardsDiversifier",
        "CS_File_Name": "RewardsDiversifier.cs"
      },
      {
        "Group": "FO_Group2",
        "Order": 26,
        "Table_Name": "FO_Rank",
        "Name": "Rank",
        "Class_Name": "RankFO",
        "IsCPI": false,
        "IsSFIC": true,
        "Package_Name": "Symphony_EC_SFTP_cust_rank",
        "Entity_Name": "cust_rank",
        "Create_TC_Name": "TC026_Create_FO_Rank",
        "Validate_TC_Name": "TC072_Validate_FO_Rank",
        "CS_File_Name": "Rank.cs"
      },
      {
        "Group": "FO_Group2",
        "Order": 27,
        "Table_Name": "FO_ServiceType",
        "Name": "ServiceType",
        "Class_Name": "ServiceTypeFO",
        "IsCPI": false,
        "IsSFIC": true,
        "Package_Name": "Symphony_EC_SFTP_cust_service_type",
        "Entity_Name": "cust_service_type",
        "Create_TC_Name": "TC027_Create_FO_ServiceType",
        "Validate_TC_Name": "TC073_Validate_FO_ServiceType",
        "CS_File_Name": "ServiceType.cs"
      },
      {
        "Group": "FO_Group2",
        "Order": 28,
        "Table_Name": "FO_PayGrade",
        "Name": "PayGrade",
        "Class_Name": "PayGradeFO",
        "IsCPI": false,
        "IsSFIC": true,
        "Package_Name": "Symphony_EC_SFTP_FOPayGrade",
        "Entity_Name": "FOPayGrade",
        "Create_TC_Name": "TC028_Create_FO_PayGrade",
        "Validate_TC_Name": "TC074_Validate_FO_PayGrade",
        "CS_File_Name": "PayGrade.cs"
      },
      {
        "Group": "FO_Group2",
        "Order": 29,
        "Table_Name": "FO_ActivityType",
        "Name": "ActivityType",
        "Class_Name": "ActivityTypeFO",
        "IsCPI": false,
        "IsSFIC": true,
        "Package_Name": "Symphony_EC_SFTP_cust_activity_type",
        "Entity_Name": "cust_activity_type",
        "Create_TC_Name": "TC029_Create_FO_ActivityType",
        "Validate_TC_Name": "TC075_Validate_FO_ActivityType",
        "CS_File_Name": "ActivityType.cs"
      },
      {
        "Group": "FO_Group2",
        "Order": 30,
        "Table_Name": "FO_JobClassification",
        "Name": "JobClassification",
        "Class_Name": "JobClassificationFO",
        "IsCPI": true,
        "IsSFIC": false,
        "Package_Name": "JobClassification SFEC to SFTP_NWC Control M",
        "Entity_Name": "FOJobCode",
        "Create_TC_Name": "TC030_Create_FO_JobClassification",
        "Validate_TC_Name": "TC076_Validate_FO_JobClassification",
        "CS_File_Name": "JobClassification.cs"
      },
      {
        "Group": "FO_Group3",
        "Order": 31,
        "Table_Name": "FO_Frequency",
        "Name": "Frequency",
        "Class_Name": "FrequencyFO",
        "IsCPI": false,
        "IsSFIC": true,
        "Package_Name": "Symphony_EC_SFTP_FOFrequency",
        "Entity_Name": "FOFrequency",
        "Create_TC_Name": "TC031_Create_FO_Frequency",
        "Validate_TC_Name": "TC077_Validate_FO_Frequency",
        "CS_File_Name": "Frequency.cs"
      },
      {
        "Group": "FO_Group3",
        "Order": 32,
        "Table_Name": "FO_PayRanges",
        "Name": "PayRanges",
        "Class_Name": "PayRangesFO",
        "IsCPI": false,
        "IsSFIC": true,
        "Package_Name": "Symphony_EC_SFTP_FOPayRange",
        "Entity_Name": "FOPayRange",
        "Create_TC_Name": "TC032_Create_FO_PayRanges",
        "Validate_TC_Name": "TC078_Validate_FO_PayRanges",
        "CS_File_Name": "PayRanges.cs"
      },
      {
        "Group": "FO_Group3",
        "Order": 33,
        "Table_Name": "FO_PayGroup",
        "Name": "PayGroup",
        "Class_Name": "PayGroupFO",
        "IsCPI": false,
        "IsSFIC": true,
        "Package_Name": "Symphony_EC_SFTP_FOPayGroup",
        "Entity_Name": "FOPayGroup",
        "Create_TC_Name": "TC033_Create_FO_PayGroup",
        "Validate_TC_Name": "TC079_Validate_FO_PayGroup",
        "CS_File_Name": "PayGroup.cs"
      },
      {
        "Group": "FO_Group3",
        "Order": 34,
        "Table_Name": "FO_PayComponentGroup",
        "Name": "PayComponentGroup",
        "Class_Name": "PayComponentGroupFO",
        "IsCPI": true,
        "IsSFIC": false,
        "Package_Name": "Pay Component Group SFEC to SFTP Control M",
        "Entity_Name": "FOPayComponentGroup",
        "Create_TC_Name": "TC034_Create_FO_PayComponentGroup",
        "Validate_TC_Name": "TC080_Validate_FO_PayComponentGroup",
        "CS_File_Name": "PayComponentGroup.cs"
      },
      {
        "Group": "FO_Group3",
        "Order": 35,
        "Table_Name": "FO_PayComponent",
        "Name": "PayComponent",
        "Class_Name": "PayComponentFO",
        "IsCPI": false,
        "IsSFIC": true,
        "Package_Name": "Symphony_EC_SFTP_FOPayComponent",
        "Entity_Name": "FOPayComponent",
        "Create_TC_Name": "TC035_Create_FO_PayComponent",
        "Validate_TC_Name": "TC081_Validate_FO_PayComponent",
        "CS_File_Name": "PayComponent.cs"
      },
      {
        "Group": "FO_Group4",
        "Order": 36,
        "Table_Name": "FO_Bank",
        "Name": "Bank",
        "Class_Name": "BankFO",
        "IsCPI": false,
        "IsSFIC": true,
        "Package_Name": "Symphony_EC_SFTP_Bank_Export",
        "Entity_Name": "Bank",
        "Create_TC_Name": "TC036_Create_FO_Bank",
        "Validate_TC_Name": "TC082_Validate_FO_Bank",
        "CS_File_Name": "Bank.cs"
      },
      {
        "Group": "FO_Group4",
        "Order": 37,
        "Table_Name": "FO_BelgiumWeeklyHours",
        "Name": "BelgiumWeeklyHours",
        "Class_Name": "BelgiumWeeklyHoursFO",
        "IsCPI": false,
        "IsSFIC": true,
        "Package_Name": "Symphony_EC_SFTP_cust_BELGIUM_ACTUAL_WEEKLY_HOURS",
        "Entity_Name": "cust_BELGIUM_ACTUAL_WEEKLY_HOURS",
        "Create_TC_Name": "TC037_Create_FO_BelgiumWeeklyHours",
        "Validate_TC_Name": "TC083_Validate_FO_BelgiumWeeklyHours",
        "CS_File_Name": "BelgiumWeeklyHours.cs"
      },
      {
        "Group": "FO_Group4",
        "Order": 38,
        "Table_Name": "FO_BrazilCNPJ",
        "Name": "BrazilCNPJ",
        "Class_Name": "BrazilCNPJFO",
        "IsCPI": false,
        "IsSFIC": true,
        "Package_Name": "Symphony_EC_SFTP_cust_Brazilcnpj",
        "Entity_Name": "cust_Brazilcnpj",
        "Create_TC_Name": "TC038_Create_FO_BrazilCNPJ",
        "Validate_TC_Name": "TC084_Validate_FO_BrazilCNPJ",
        "CS_File_Name": "BrazilCNPJ.cs"
      },
      {
        "Group": "FO_Group4",
        "Order": 39,
        "Table_Name": "FO_CurrencyExchangeRate",
        "Name": "CurrencyExchangeRate",
        "Class_Name": "CurrencyExchangeRateFO",
        "IsCPI": false,
        "IsSFIC": true,
        "Package_Name": "Symphony_EC_SFTP_CurrencyExchangeRate",
        "Entity_Name": "CurrencyExchangeRate",
        "Create_TC_Name": "TC039_Create_FO_CurrencyExchangeRate",
        "Validate_TC_Name": "TC085_Validate_FO_CurrencyExchangeRate",
        "CS_File_Name": "CurrencyExchangeRate.cs"
      },
      {
        "Group": "FO_Group4",
        "Order": 40,
        "Table_Name": "FO_EventReason",
        "Name": "EventReason",
        "Class_Name": "EventReasonFO",
        "IsCPI": false,
        "IsSFIC": true,
        "Package_Name": "Symphony_EC_SFTP_FOEventReason",
        "Entity_Name": "FOEventReason",
        "Create_TC_Name": "TC040_Create_FO_EventReason",
        "Validate_TC_Name": "TC086_Validate_FO_EventReason",
        "CS_File_Name": "EventReason.cs"
      },
      {
        "Group": "FO_Group4",
        "Order": 41,
        "Table_Name": "FO_JobClassificationCS",
        "Name": "JobClassificationCS",
        "Class_Name": "JobClassificationCSFO",
        "IsCPI": false,
        "IsSFIC": true,
        "Package_Name": "Symphony_EC_SFTP_JobClassificationCountry",
        "Entity_Name": "cust_jobclassificationcs",
        "Create_TC_Name": "TC041_Create_FO_JobClassificationCS",
        "Validate_TC_Name": "TC087_Validate_FO_JobClassificationCS",
        "CS_File_Name": "JobClassificationCS.cs"
      },
      {
        "Group": "FO_Group4",
        "Order": 42,
        "Table_Name": "FO_LegalEntityCS",
        "Name": "LegalEntityCS",
        "Class_Name": "LegalEntityCSFO",
        "IsCPI": false,
        "IsSFIC": true,
        "Package_Name": "Symphony_EC_SFTP_CSFOCompany",
        "Entity_Name": "CSFOCompany",
        "Create_TC_Name": "TC042_Create_FO_LegalEntityCS",
        "Validate_TC_Name": "TC088_Validate_FO_LegalEntityCS",
        "CS_File_Name": "LegalEntityCS.cs"
      },
      {
        "Group": "FO_Group4",
        "Order": 43,
        "Table_Name": "FO_NameFormat",
        "Name": "NameFormat",
        "Class_Name": "NameFormatFO",
        "IsCPI": true,
        "IsSFIC": false,
        "Package_Name": "Name Format SFEC to SFTP ControlM",
        "Entity_Name": "NameFormatGO",
        "Create_TC_Name": "TC043_Create_FO_NameFormat",
        "Validate_TC_Name": "TC089_Validate_FO_NameFormat",
        "CS_File_Name": "NameFormat.cs"
      },
      {
        "Group": "FO_Group4",
        "Order": 44,
        "Table_Name": "FO_ProficiencyLevel",
        "Name": "ProficiencyLevel",
        "Class_Name": "ProficiencyLevelFO",
        "IsCPI": false,
        "IsSFIC": true,
        "Package_Name": "Symphony_EC_SFTP_cust_proficiency_level",
        "Entity_Name": "cust_proficiency_level",
        "Create_TC_Name": "TC044_Create_FO_ProficiencyLevel",
        "Validate_TC_Name": "TC090_Validate_FO_ProficiencyLevel",
        "CS_File_Name": "ProficiencyLevel.cs"
      },
      {
        "Group": "FO_Group4",
        "Order": 45,
        "Table_Name": "FO_WorkSchedule",
        "Name": "WorkSchedule",
        "Class_Name": "WorkScheduleFO",
        "IsCPI": true,
        "IsSFIC": false,
        "Package_Name": "Work Schedule SFEC to SFTP Control M",
        "Entity_Name": "WorkSchedule",
        "Create_TC_Name": "TC045_Create_FO_WorkSchedule",
        "Validate_TC_Name": "TC091_Validate_FO_WorkSchedule",
        "CS_File_Name": "WorkSchedule.cs"
      },
      {
        "Group": "FO_Group1",
        "Order": 46,
        "Table_Name": "FO_BusinessUnit_Finance",
        "Name": "BusinessUnit_Finance",
        "Class_Name": "BusinessUnit_FinanceFO",
        "IsCPI": false,
        "IsSFIC": true,
        "Package_Name": "Symphony_EC_SFTP_cust_business_unit_finance",
        "Entity_Name": "cust_business_unit_finance",
        "Create_TC_Name": "TC046_Create_FO_BusinessUnit_Finance",
        "Validate_TC_Name": "TC092_Validate_FO_BusinessUnit_Finance",
        "CS_File_Name": "BusinessUnit_Finance.cs"
      },
      {
        "Group": "JOB",
        "Order": 47,
        "Table_Name": "-",
        "Name": "job",
        "Class_Name": "-",
        "IsCPI": true,
        "IsSFIC": false,
        "Package_Name": "EmployeeInfo MCPD SFEC to SFTP ControlM",
        "Entity_Name": "-",
        "Create_TC_Name": "-",
        "Validate_TC_Name": "-",
        "CS_File_Name": "-"
      },
      {
        "Group": "JOB",
        "Order": 48,
        "Table_Name": "-",
        "Name": "timeoff",
        "Class_Name": "-",
        "IsCPI": true,
        "IsSFIC": false,
        "Package_Name": "Employee Time-Off SFEC to SFTP ControlM",
        "Entity_Name": "-",
        "Create_TC_Name": "-",
        "Validate_TC_Name": "-",
        "CS_File_Name": "-"
      },
      {
        "Group": "JOB",
        "Order": 49,
        "Table_Name": "-",
        "Name": "job_country_specific",
        "Class_Name": "-",
        "IsCPI": true,
        "IsSFIC": false,
        "Package_Name": "CountrySpecific EmployeeInfo MCPD SFEC to SFTP ControlM",
        "Entity_Name": "-",
        "Create_TC_Name": "-",
        "Validate_TC_Name": "-",
        "CS_File_Name": "-"
      }
    ]
  }
}