{
  "RandomData": [
    {
      "StartDate": "CurrentDate+92",
      "EndDate": "CurrentDate+93",
      "Hours": 1.5
    },
    {
      "StartDate": "CurrentDate+284",
      "EndDate": "CurrentDate+285",
      "Hours": 5
    },
    {
      "StartDate": "CurrentDate+25",
      "EndDate": "CurrentDate+29",
      "Hours": 21
    },
    {
      "StartDate": "CurrentDate+345",
      "EndDate": "CurrentDate+347",
      "Hours": 10
    },
    {
      "StartDate": "CurrentDate+303",
      "EndDate": "CurrentDate+303",
      "Hours": 1
    },
    {
      "StartDate": "CurrentDate+316",
      "EndDate": "CurrentDate+317",
      "Hours": 8
    },
    {
      "StartDate": "CurrentDate+334",
      "EndDate": "CurrentDate+338",
      "Hours": 24
    },
    {
      "StartDate": "CurrentDate+265",
      "EndDate": "CurrentDate+266",
      "Hours": 8
    },
    {
      "StartDate": "CurrentDate+145",
      "EndDate": "CurrentDate+146",
      "Hours": 3
    },
    {
      "StartDate": "CurrentDate+341",
      "EndDate": "CurrentDate+345",
      "Hours": 24
    },
    {
      "StartDate": "CurrentDate+125",
      "EndDate": "CurrentDate+127",
      "Hours": 11
    },
    {
      "StartDate": "CurrentDate+310",
      "EndDate": "CurrentDate+313",
      "Hours": 17
    },
    {
      "StartDate": "CurrentDate+245",
      "EndDate": "CurrentDate+245",
      "Hours": 1
    },
    {
      "StartDate": "CurrentDate+259",
      "EndDate": "CurrentDate+262",
      "Hours": 18
    },
    {
      "StartDate": "CurrentDate+398",
      "EndDate": "CurrentDate+399",
      "Hours": 7
    },
    {
      "StartDate": "CurrentDate+252",
      "EndDate": "CurrentDate+254",
      "Hours": 12
    },
    {
      "StartDate": "CurrentDate+182",
      "EndDate": "CurrentDate+185",
      "Hours": 16
    },
    {
      "StartDate": "CurrentDate+46",
      "EndDate": "CurrentDate+49",
      "Hours": 15
    },
    {
      "StartDate": "CurrentDate+351",
      "EndDate": "CurrentDate+352",
      "Hours": 3
    },
    {
      "StartDate": "CurrentDate+231",
      "EndDate": "CurrentDate+234",
      "Hours": 17
    },
    {
      "StartDate": "CurrentDate+317",
      "EndDate": "CurrentDate+317",
      "Hours": 1
    },
    {
      "StartDate": "CurrentDate+345",
      "EndDate": "CurrentDate+345",
      "Hours": 1
    },
    {
      "StartDate": "CurrentDate+391",
      "EndDate": "CurrentDate+392",
      "Hours": 6
    },
    {
      "StartDate": "CurrentDate+67",
      "EndDate": "CurrentDate+70",
      "Hours": 15
    },
    {
      "StartDate": "CurrentDate+378",
      "EndDate": "CurrentDate+380",
      "Hours": 9
    },
    {
      "StartDate": "CurrentDate+146",
      "EndDate": "CurrentDate+150",
      "Hours": 24
    },
    {
      "StartDate": "CurrentDate+146",
      "EndDate": "CurrentDate+148",
      "Hours": 11
    },
    {
      "StartDate": "CurrentDate+335",
      "EndDate": "CurrentDate+339",
      "Hours": 21
    },
    {
      "StartDate": "CurrentDate+256",
      "EndDate": "CurrentDate+259",
      "Hours": 16
    },
    {
      "StartDate": "CurrentDate+350",
      "EndDate": "CurrentDate+352",
      "Hours": 13
    },
    {
      "StartDate": "CurrentDate+65",
      "EndDate": "CurrentDate+65",
      "Hours": 2
    },
    {
      "StartDate": "CurrentDate+109",
      "EndDate": "CurrentDate+113",
      "Hours": 22
    },
    {
      "StartDate": "CurrentDate+241",
      "EndDate": "CurrentDate+245",
      "Hours": 22
    },
    {
      "StartDate": "CurrentDate+113",
      "EndDate": "CurrentDate+116",
      "Hours": 17
    },
    {
      "StartDate": "CurrentDate+136",
      "EndDate": "CurrentDate+140",
      "Hours": 23
    },
    {
      "StartDate": "CurrentDate+115",
      "EndDate": "CurrentDate+117",
      "Hours": 13
    },
    {
      "StartDate": "CurrentDate+371",
      "EndDate": "CurrentDate+373",
      "Hours": 14
    },
    {
      "StartDate": "CurrentDate+182",
      "EndDate": "CurrentDate+184",
      "Hours": 11
    },
    {
      "StartDate": "CurrentDate+31",
      "EndDate": "CurrentDate+33",
      "Hours": 11
    },
    {
      "StartDate": "CurrentDate+274",
      "EndDate": "CurrentDate+275",
      "Hours": 4
    },
    {
      "StartDate": "CurrentDate+258",
      "EndDate": "CurrentDate+260",
      "Hours": 13
    },
    {
      "StartDate": "CurrentDate+240",
      "EndDate": "CurrentDate+241",
      "Hours": 7
    },
    {
      "StartDate": "CurrentDate+323",
      "EndDate": "CurrentDate+326",
      "Hours": 17
    },
    {
      "StartDate": "CurrentDate+163",
      "EndDate": "CurrentDate+164",
      "Hours": 5
    },
    {
      "StartDate": "CurrentDate+286",
      "EndDate": "CurrentDate+289",
      "Hours": 20
    },
    {
      "StartDate": "CurrentDate+389",
      "EndDate": "CurrentDate+392",
      "Hours": 17
    },
    {
      "StartDate": "CurrentDate+372",
      "EndDate": "CurrentDate+374",
      "Hours": 12
    },
    {
      "StartDate": "CurrentDate+180",
      "EndDate": "CurrentDate+181",
      "Hours": 4
    },
    {
      "StartDate": "CurrentDate+38",
      "EndDate": "CurrentDate+39",
      "Hours": 5
    },
    {
      "StartDate": "CurrentDate+343",
      "EndDate": "CurrentDate+346",
      "Hours": 19
    },
    {
      "StartDate": "CurrentDate+96",
      "EndDate": "CurrentDate+99",
      "Hours": 16
    },
    {
      "StartDate": "CurrentDate+145",
      "EndDate": "CurrentDate+145",
      "Hours": 2
    },
    {
      "StartDate": "CurrentDate+108",
      "EndDate": "CurrentDate+111",
      "Hours": 16
    },
    {
      "StartDate": "CurrentDate+337",
      "EndDate": "CurrentDate+339",
      "Hours": 12
    },
    {
      "StartDate": "CurrentDate+90",
      "EndDate": "CurrentDate+93",
      "Hours": 16
    },
    {
      "StartDate": "CurrentDate+199",
      "EndDate": "CurrentDate+201",
      "Hours": 9
    },
    {
      "StartDate": "CurrentDate+148",
      "EndDate": "CurrentDate+148",
      "Hours": 1
    },
    {
      "StartDate": "CurrentDate+202",
      "EndDate": "CurrentDate+203",
      "Hours": 8
    },
    {
      "StartDate": "CurrentDate+77",
      "EndDate": "CurrentDate+81",
      "Hours": 24
    },
    {
      "StartDate": "CurrentDate+227",
      "EndDate": "CurrentDate+230",
      "Hours": 17
    },
    {
      "StartDate": "CurrentDate+25",
      "EndDate": "CurrentDate+28",
      "Hours": 15
    }
  ]
}