[
    {
        "id": "11",
        "value": "Partner/Principal",
        "group":"1",
        "order": "1"
    },
    {
        "id": "13",
        "value": "Executive Director",
        "group":"1",
        "order": "2"
    },
    {
        "id": "04",
        "value": "Client Serving Contractor",
        "group":"2",
        "order": "1"
    },
    {
        "id": "05",
        "value": "Administrative Contractor",
        "group":"2",
        "order": "2"
    },
    {
        "id": "21",
        "value": "Senior Manager",
        "group":"3",
        "order": "1"
    },
    {
        "id": "32",
        "value": "Manager",
        "group":"3",
        "order": "2"
    },
    {
        "id": "42",
        "value": "Senior",
        "group":"3",
        "order": "3"
    },
    {
        "id": "44",
        "value": "Staff/Assistant",
        "group":"3",
        "order": "4"
    },
    {
        "id": "51",
        "value": "Intern (CS)",
        "group":"4",
        "order": "1"
    },
    {
        "id": "53",
        "value": "Intern (CBS)",
        "group":"4",
        "order": "2"
    },
    {
        "id": "55",
        "value": "Administrative Lead",
        "group":"5",
        "order": "1"
    },
    {
        "id": "56",
        "value": "Administrative Advanced",
        "group":"5",
        "order": "2"
    },
    {
        "id": "57",
        "value": "Administrative Intermediate",
        "group":"5",
        "order": "3"
    },
    {
        "id": "58",
        "value": "Administrative Entry",
        "group":"5",
        "order": "4"
    },
    {
        "id": "61",
        "value": "Director",
        "group":"6",
        "order": "1"
    },
    {
        "id": "62",
        "value": "Associate Director",
        "group":"6",
        "order": "2"
    },
    {
        "id": "63",
        "value": "Assistant Director",
        "group":"6",
        "order": "3"
    },
    {
        "id": "64",
        "value": "Supervising Associate",
        "group":"6",
        "order": "4"
    },
    {
        "id": "65",
        "value": "Senior Associate",
        "group":"6",
        "order": "5"
    },
    {
        "id": "66",
        "value": "Associate",
        "group":"6",
        "order": "6"
    }
]