{
	"baseLocation": "H:\\EC\\Talent_QA",
	"processList": [
		{
			"processName": "ce",
			"fileLocation": "File\\CE",
			"runOrder": [
				{
					"ordernumber": 1,
					"executableLocation": "Executables\\SP_Executor",
					"executableName": "SPExecutor.exe",
					"executableConfig": "SPExecutor_EC.exe.config",
					"params": "\"EC.CE_TruncateStagingTables\" \"@ProcessName|EC-EmployeeLoader\""
				},
				{
					"ordernumber": 2,
					"executableLocation": "Executables\\CE_Decrypt",
					"executableName": "Talent.Utils.Decrypt.exe",
					"executableConfig": "Talent.Utils.Decrypt.exe.config",
					"params": ""
				},
				{
					"ordernumber": 3,
					"executableLocation": "Executables\\EmployeeLoader",
					"executableName": "EmployeeLoader.exe",
					"executableConfig": "EmployeeLoader.exe.config",
					"params": ""
				},
				{
					"ordernumber": 4,
					"executableLocation": "Executables\\Batch",
					"executableName": "CE_FulLoad.bat",
					"executableConfig": "",
					"params": ""
				},
				{
					"ordernumber": 5,
					"executableLocation": "Executables\\ETO_Decrypt",
					"executableName": "Talent.Utils.Decrypt.exe",
					"executableConfig": "Talent.Utils.Decrypt.exe.config",
					"params": ""
				},
				{
					"ordernumber": 6,
					"executableLocation": "Executables\\EmployeeTimeOff",
					"executableName": "EmployeeTimeOff.exe",
					"executableConfig": "EmployeeTimeOff.exe.config",
					"params": ""
				}
			]
		},
		{
			"processName": "csce",
			"fileLocation": "File\\CSCE",
			"runOrder": [
				{
					"ordernumber": 1,
					"executableLocation": "Executables\\SP_Executor",
					"executableName": "SPExecutor.exe",
					"executableConfig": "SPExecutor_EC.exe.config",
					"params": "\"EC.CE_TruncateStagingTables\" \"@ProcessName|%EC-EmployeeLoader\""
				},
				{
					"ordernumber": 2,
					"executableLocation": "Executables\\CSCE_Decrypt",
					"executableName": "Talent.Utils.Decrypt.exe",
					"executableConfig": "Talent.Utils.Decrypt.exe.config",
					"params": ""
				},
				{
					"ordernumber": 3,
					"executableLocation": "Executables\\EmployeeLoaderCS",
					"executableName": "EmployeeLoaderCS.exe",
					"executableConfig": "EmployeeLoaderCS.exe.config",
					"params": ""
				},
				{
					"ordernumber": 4,
					"executableLocation": "Executables\\Batch",
					"executableName": "CSCE_FulLoad.bat",
					"executableConfig": "",
					"params": ""
				},
				{
					"ordernumber": 5,
					"executableLocation": "Executables\\ETO_Decrypt",
					"executableName": "Talent.Utils.Decrypt.exe",
					"executableConfig": "Talent.Utils.Decrypt.exe.config",
					"params": ""
				},
				{
					"ordernumber": 6,
					"executableLocation": "Executables\\EmployeeTimeOff",
					"executableName": "EmployeeTimeOff.exe",
					"executableConfig": "EmployeeTimeOff.exe.config",
					"params": ""
				}
			]
		},
	],
	"postECProcess": {
		"executableLocation": "Executables\\ETO_Decrypt",
		"executableName": "Talent.Utils.Decrypt.exe",
		"executableConfig": "Talent.Utils.Decrypt.exe.config"
	}
}