{
  "BatchConfiguration": [
    {
      "Environment": "itsdev1",
      "BatchList": [
        {
          "Name": "Talent",
          "FileLocation": "H:\\EC\\TDDH_QA\\Talent\\Files",
          "Batches": [
            {
              "Batch": "H:\\EC\\TDDH_QA\\Talent\\Talent_FullLoad_Loader.bat"
            }
          ]
        },
        {
          "Name": "EmployeeTimeOff",
          "FileLocation": "H:\\EC\\TDDH_QA\\EC\\CE_Files",
          "Batches": [
            {
              "Batch": "H:\\EC\\TDDH_QA\\EC\\CE_StageTruncation.bat"
            },
            {
              "Batch": "H:\\EC\\TDDH_QA\\EC\\CE_StgFullLoad.bat"
            },
            {
              "Batch": "H:\\EC\\TDDH_QA\\EC\\TimeOff_FullLoad.bat"
            },
            {
              "Batch": "H:\\EC\\TDDH_QA\\EC\\CE_FullLoad.bat"
            }
          ]
        },
        {
          "Name": "CE",
          "FileLocation": "H:\\EC\\TDDH_QA\\EC\\CE_Files",
          "Batches": [
            {
              "Batch": "H:\\EC\\TDDH_QA\\EC\\CE_StageTruncation.bat"
            },
            {
              "Batch": "H:\\EC\\TDDH_QA\\EC\\CE_StgFullLoad.bat"
            },
            {
              "Batch": "H:\\EC\\TDDH_QA\\EC\\TimeOff_FullLoad.bat"
            },
            {
              "Batch": "H:\\EC\\TDDH_QA\\EC\\CE_FullLoad.bat"
            },
            {
              "Batch": "H:\\EC\\TDDH_QA\\PostECProcess\\Pkg_PostECProcess.bat"
            }
          ]
        },
        {
          "Name": "FO",
          "FileLocation": "H:\\EC\\TDDH_QA\\FO\\Files",
          "Batches": [
            {
              "Batch": "H:\\EC\\TDDH_QA\\FO\\FO_FullLoad.bat"
            }
          ]
        },
        {
          "Name": "CSCE",
          "FileLocation": "H:\\EC\\TDDH_QA\\EC\\CSCE_Files",
          "Batches": [
            {
              "Batch": "H:\\EC\\TDDH_QA\\EC\\CE_FullLoad_CS.bat"
            },
            {
              "Batch": "H:\\EC\\TDDH_QA\\PostECProcess\\Pkg_PostECProcess.bat"
            }
          ]
        }
      ]
    },
    {
      "Environment": "uat1",
      "BatchList": [
        {
          "Name": "Talent",
          "FileLocation": "H:\\Can_Payroll\\Talent\\Files",
          "Batches": [
            {
              "Batch": "H:\\Can_Payroll\\Talent\\Talent_FullLoad.bat"
            }
          ]
        },
        {
          "Name": "CE",
          "FileLocation": "H:\\Can_Payroll\\EC\\CE_Files",
          "Batches": [
            {
              "Batch": "H:\\Can_Payroll\\EC\\CE_Filetransfer.bat"
            },
            {
              "Batch": "H:\\Can_Payroll\\EC\\CE_StageTruncation.bat"
            },
            {
              "Batch": "H:\\Can_Payroll\\EC\\CE_StgFullLoad.bat"
            },
            {
              "Batch": "H:\\Can_Payroll\\EC\\CE_FullLoad.bat"
            },
            {
              "Batch": "H:\\Can_Payroll\\PostECProcess\\Pkg_PostECProcess.bat"
            }
          ]
        },
        {
          "Name": "FO",
          "FileLocation": "H:\\Can_Payroll\\FO\\Files",
          "Batches": [
            {
              "Batch": "H:\\Can_Payroll\\FO\\FO_FullLoad.bat"
            }
          ]
        },
        {
          "Name": "CSCE",
          "FileLocation": "H:\\Can_Payroll\\EC\\CSCE_Files",
          "Batches": [
            {
              "Batch": "H:\\Can_Payroll\\EC\\CE_Filetransfer.bat"
            },
            {
              "Batch": "H:\\Can_Payroll\\EC\\CE_StageTruncation.bat"
            },
            {
              "Batch": "H:\\Can_Payroll\\EC\\CE_StgFullLoad.bat"
            },
            {
              "Batch": "H:\\Can_Payroll\\EC\\CE_FullLoad_CS.bat"
            },
            {
              "Batch": "H:\\Can_Payroll\\PostECProcess\\Pkg_PostECProcess.bat"
            }
          ]
        }
      ]
    }
  ]
}