{
    "Auth":[
        {
            "Role":"Talent_Transactional_PWR",
            "username":"ttus_ey",
            "password":"C3Yu28IGxd9GRR4lxhNtMQ=="
        },
        {
            "Role":"Experience_Manager",
            "username":"ttus_ey",
            "password":"C3Yu28IGxd9GRR4lxhNtMQ=="
        },
        {
            "Role":"EWO",
            "username":"ttus_ey",
            "password":"C3Yu28IGxd9GRR4lxhNtMQ=="
        },
        {
            "Role":"Engagement_Manager_USA",
            "username":"ttus_ey",
            "password":"C3Yu28IGxd9GRR4lxhNtMQ=="
        },
        {
            "Role":"WorkOrder_Approver",
            "username":"ttus_ey",
            "password":"C3Yu28IGxd9GRR4lxhNtMQ=="
        },
        {
            "Role":"Hiring_Manager_DEU",
            "username":"ttus_ey",
            "password":"C3Yu28IGxd9GRR4lxhNtMQ=="
        },
        {
            "Role":"Hiring_Manager_USA",
            "username":"ttus_ey",
            "password":"C3Yu28IGxd9GRR4lxhNtMQ=="
        },
        {
            "Role":"Program_Coordinator_USA",
            "username":"ttus_ey",
            "password":"C3Yu28IGxd9GRR4lxhNtMQ=="
        },
        {
            "Role":"Program_Coordinator_DEU",
            "username":"ttus_ey",
            "password":"C3Yu28IGxd9GRR4lxhNtMQ=="
        },
        {
            "Role":"Test_Supplier_DEU",
            "username":"ttus_ey",
            "password":"C3Yu28IGxd9GRR4lxhNtMQ=="
        },
        {
            "Role":"Test_Supplier_USA",
            "username":"ttus_ey",
            "password":"C3Yu28IGxd9GRR4lxhNtMQ=="
        },
        {
            "Role":"GigNow_USA",
            "username":"ttus_ey",
            "password":"C3Yu28IGxd9GRR4lxhNtMQ=="
        }
    ]
}