{
  "Config": {
    "Application": {
      "Environment": "TST1",
      "Name": "Success Factor",
      "URL": "https://sf-test.ey.net/",
      "AppKey": "SF"
    },
    "User": "WG753KC",
    "Browser": {
      "Name": "EdgeChrome",
      "Version": "",
      "Headless": false,
      "DownloadFolder": "downloads",
      "TimeOut": 20
    },
    "Credentials": [
      {
        "Name": "IFlow",
        "URL": "https://e2133-tmn.hci.eu1.hana.ondemand.com/itspaces/shell/design",
        "Domain": "",
        "UserName": "S0020935689",
        "Password": "6o9LvvOS0SHsur+p3qNFKw=="
      },
      {
        "Name": "SFTP",
        "URL": "",
        "Domain": "",
        "UserName": "",
        "Password": ""
      },
      {
        "Name": "SF",
        "URL": "https://sf-test.ey.net/",
        "Domain": "",
        "UserName": "",
        "Password": "",
        "PrivateKey": ""
      }
    ],
    "API_Credentials": [
      {
        "api": "SF",
        "authentication": "Basic MTI1NDQ4MkBFWUhSU1RTVDE6U2FwMTIxMyU=",
        "baseurl": ""
      },
      {
        "api": "IFLOW",
        "authentication": "Basic UzAwMjA5MzU2ODk6TWF5QCMkMTIzNA==",
        "baseurl": ""
      },
      {
        "api": "IDT",
        "authentication": "Basic U1JWVVNSX046c3FsUGFzc0AwMDI=",
        "baseurl": "https://eytdbuaa4e9dce2.hana.ondemand.com/"
      }
    ],
    "Database": [
      {
        "Default": true,
        "Name": "TDDH",
        "Type": "SQLServer",
        "Key": "SF",
        "CS": "Server=DEFRNVMUSYMAL12.eyua.net\\INST1;database=TDDH_CAN_PAYROLL;Trusted_Connection=True;"
      }
    ],
    "CustomKeys": [
      {
        "Key": "LoadTranslation",
        "Value": "false"
      },
      {
        "Key": "Lang",
        "Value": "fr"
      },
      {
        "Key": "APIAutomationFolder",
        "Value": "\\\\DEFRNVMUSYMSQ11.eyua.net\\CBSAutomation"
      },
      {
        "Key": "CoreHROutput",
        "Value": "CoreHR_Output.xlsx"
      },
      {
        "Key": "CoreHRDBOutput",
        "Value": "CoreHR_Output_TDDH.xlsx"
      },
      {
        "Key": "Payload",
        "Value": "Payload_Reference.xlsx"
      },
      {
        "Key": "FOOutput",
        "Value": "FO_Output.xlsx"
      },
      {
        "Key": "FODBOutput",
        "Value": "FO_Output_TDDH.xlsx"
      },
      {
        "Key": "publicKey",
        "Value": "eY*21cbs"
      },
      {
        "Key": "seednumber",
        "Value": "C:\\1690809\\Scripts\\sf_automation\\Tools\\SeedNumber.json"
      }
    ],
    "Reports": [
      {
        "Name": "CoreHROutput",
        "Type": "Excel",
        "FileName": "CoreHR_Output.xlsx"
      },
      {
        "Name": "CoreHRDBOutput",
        "Type": "Excel",
        "FileName": "CoreHR_Output_TDDH.xlsx"
      },
      {
        "Name": "Payload",
        "Type": "Excel",
        "FileName": "Payload_Reference.xlsx"
      },
      {
        "Name": "FOOutput",
        "Type": "Excel",
        "FileName": "FO_Output.xlsx"
      },
      {
        "Name": "FODBOutput",
        "Type": "Excel",
        "FileName": "FO_Output_TDDH.xlsx"
      }
    ],
    "MailConfig": {
      "To": "Samson.Chittillappilly.Simon@ey.com",
      "CC": "Samson.Chittillappilly.Simon@ey.com",
      "BCC": "Samson.Chittillappilly.Simon@ey.com",
      "Subject": "SF API Automation Execution Report - TST1",
      "Body": "<h1>Execution Report</h1>",
      "Attachment": []
    }
  }
}
