{
  "Config": {
    "Application": {
      "Environment": "ITSDEV1",
      "Name": "Success Factor",
      "URL": "about:blank",
      "AppKey": "SF"
    },
    "User": "WG753KC",
    "Browser": {
      "Name": "Chrome",
      "Version": "",
      "Headless": false,
      "DownloadFolder": "downloads",
      "TimeOut": 20
    },
    "Credentials": [
      {
        "Name": "IFlow",
        "URL": "https://e2133-tmn.hci.eu1.hana.ondemand.com/itspaces/shell/design",
        "Domain": "",
        "UserName": "S0020935689",
        "Password": "6o9LvvOS0SHsur+p3qNFKw=="
      },
      {
        "Name": "SFTP",
        "URL": "sftp012.successfactors.eu",
        "Domain": "",
        "UserName": "955039D",
        "Password": "jDVOwumTk8ulAzrkLeX81w=="
      },
      {
        "Name": "SF",
        "URL": "https://hcm12preview.sapsf.eu/sf/start#/login",
        "Domain": "",
        "UserName": "1254482",
        "Password": "H1x30z6qJ3y1KdfRZT+sOA==",
        "PrivateKey": ""
      },
      {
        "Name": "FGPWR",
        "URL": "https://euxuat2.fgvms.eu/",
        "Domain": "",
        "UserName": "ttus_ey",
        "Password": "C3Yu28IGxd9GRR4lxhNtMQ=="
      },
      {
        "Name": "FGHMUS",
        "URL": "https://euxuat2.fgvms.eu/",
        "Domain": "",
        "UserName": "hmus_ey",
        "Password": "C3Yu28IGxd9GRR4lxhNtMQ=="
      },
      {
        "Name": "FGHMDU",
        "URL": "https://euxuat2.fgvms.eu/",
        "Domain": "",
        "UserName": "hmde_ey",
        "Password": "C3Yu28IGxd9GRR4lxhNtMQ=="
      },
      {
        "Name": "FGEWO",
        "URL": "https://euxuat2.fgvms.eu/",
        "Domain": "",
        "UserName": "EWO_ey",
        "Password": "C3Yu28IGxd9GRR4lxhNtMQ=="
      },
      {
        "Name": "FGPGDU",
        "URL": "https://euxuat2.fgvms.eu/",
        "Domain": "",
        "UserName": "pcde_ey",
        "Password": "C3Yu28IGxd9GRR4lxhNtMQ=="
      },
      {
        "Name": "FGEMUS",
        "URL": "https://euxuat2.fgvms.eu/",
        "Domain": "",
        "UserName": "emus_ey",
        "Password": "C3Yu28IGxd9GRR4lxhNtMQ=="
      },
      {
        "Name": "FGSUPUS",
        "URL": "https://euxuat2.fgvms.eu/",
        "Domain": "",
        "UserName": "testus_ey",
        "Password": "C3Yu28IGxd9GRR4lxhNtMQ=="
      },
      {
        "Name": "FGSUPDU",
        "URL": "https://euxuat2.fgvms.eu/",
        "Domain": "",
        "UserName": "testde_ey",
        "Password": "C3Yu28IGxd9GRR4lxhNtMQ=="
      },
      {
        "Name": "FGGIGNOW",
        "URL": "https://euxuat2.fgvms.eu/",
        "Domain": "",
        "UserName": "Gignow_US",
        "Password": "C3Yu28IGxd8i9fA8s19gRw=="
      }
    ],
    "API_Credentials": [
      {
        "api": "SF",
        "authentication": "Basic MTI1NDQ4MkBFWUlUU0RFVjE6V2VsY29tZTEyMyo=",
        "baseurl": ""
      },
      {
        "api": "IFLOW",
        "authentication": "Basic UzAwMjA5MzU2ODk6TWF5QCMkMTIzNA==",
        "baseurl": ""
      },
      {
        "api": "IDT",
        "authentication": "Basic U1JWVVNSX046c3FsUGFzc0AwMDM=",
        "baseurl": "https://eytdbqaa4e9dce2.hana.ondemand.com/"
      }
    ],
    "Database": [
      {
        "Default": true,
        "Name": "TDDH",
        "Type": "SQLServer",
        "Key": "SF",
        "CS": "Server=DEFRNVMUSYMSQ01.eyua.net\\INST1,1367;database=TDDH_QA;Trusted_Connection=True;"
      }
    ],
    "CustomKeys": [
      {
        "Key": "LoadTranslation",
        "Value": "false"
      },
      {
        "Key": "Lang",
        "Value": "fr"
      },
      {
        "Key": "APIAutomationFolder",
        "Value": "\\\\DEFRNVMUSYMSQ11.eyua.net\\CBSAutomation"
      },
      {
        "Key": "CoreHROutput",
        "Value": "CoreHR_Output.xlsx"
      },
      {
        "Key": "CoreHRDBOutput",
        "Value": "CoreHRDB.xlsx"
      },
      {
        "Key": "Payload",
        "Value": "Payload_Reference.xlsx"
      },
      {
        "Key": "FOOutput",
        "Value": "FO_Output.xlsx"
      },
      {
        "Key": "FODBOutput",
        "Value": "FO_Output_TDDH.xlsx"
      },
      {
        "Key": "publicKey",
        "Value": "eY*21cbs"
      }
    ],
    "Reports": [
      {
        "Name": "CoreHROutput",
        "Type": "Excel",
        "FileName": "CoreHR_Output.xlsx"
      },
      {
        "Name": "CoreHRDBOutput",
        "Type": "Excel",
        "FileName": "CoreHR_Output_TDDH.xlsx"
      },
      {
        "Name": "Payload",
        "Type": "Excel",
        "FileName": "Payload_Reference.xlsx"
      },
      {
        "Name": "FOOutput",
        "Type": "Excel",
        "FileName": "FO_Output.xlsx"
      },
      {
        "Name": "FODBOutput",
        "Type": "Excel",
        "FileName": "FO_Output_TDDH.xlsx"
      }
    ],
    "MailConfig": {
      "To": "Samson.Chittillappilly.Simon@ey.com",
      "CC": "Samson.Chittillappilly.Simon@ey.com",
      "BCC": "Samson.Chittillappilly.Simon@ey.com",
      "Subject": "Talent QA Automation Execution Report",
      "Body": "<h1>Execution Report</h1>",
      "Attachment": []
    }
  }
}
