{
  "Objects": [
    /*Common Page*/
    {
      "Name": "loadingPane",
      "By": "css",
      "Value": "div.black-overlay",
      "DisplayName": "Web Application Loading Pane.."
    },
    {
      "Name": "tableLoader",
      "By": "css",
      "Value": "div.k-loading-image",
      "DisplayName": "Table Loading Pane.."
    },
    {
      "Name": "EntityLabel",
      "By": "css",
      "Value": "div.resourceDiv"
    },
    {
      "Name": "Preview And Submit",
      "By": "css",
      "Value": "button.previewBtn"
    },
    {
      "Name": "bdi_OkButton",
      "By": "xpath",
      "Value": "//bdi[contains(text(),'OK')]/ancestor::button",
      "DisplayName": "Ok Button"
    },
    {
      "Name": "bdi_CancelButton",
      "By": "xpath",
      "Value": "//bdi[contains(text(),'Cancel')]/ancestor::button",
      "DisplayName": "Ok Button"
    } 
  ]
}