{
  "Objects": [
    {
      "Name": "DateSearchBox",
      "By": "xpath",
      "Value": "//input[contains(@placeholder,'select start date')]"
    },
    {
      "Name": "DatePickerWindow",
      "By": "css",
      "Value": "div.bs-datepicker-container"
    },
    {
      "Name": "DatePicker_Previous",
      "By": "xpath",
      "Value": "(//div[contains(@class,'bs-datepicker-container')]//button[@class='previous'])[1]"
    },
    {
      "Name": "DatePicker_Next",
      "By": "xpath",
      "Value": "(//div[contains(@class,'bs-datepicker-container')]//button[@class='next'])[2]"
    },
    {
      "Name": "DatePicker_CurrentMonth",
      "By": "xpath",
      "Value": "(//div[contains(@class,'bs-datepicker-container')]//button[contains(@class,'current')])[1]"
    },
    {
      "Name": "DatePicker_CurrentYear",
      "By": "xpath",
      "Value": "(//div[contains(@class,'bs-datepicker-container')]//button[contains(@class,'current')])[2]"
    },
    {
      "Name": "DatePicker_NextMonth",
      "By": "xpath",
      "Value": "(//div[contains(@class,'bs-datepicker-container')]//button[contains(@class,'current')])[3]"
    },
    {
      "Name": "DatePicker_NextYear",
      "By": "xpath",
      "Value": "(//div[contains(@class,'bs-datepicker-container')]//button[contains(@class,'current')])[4]"
    },
    {
      "Name": "DatePicker_Date",
      "By": "xpath",
      "Value": "//div[contains(@class,'bs-datepicker-container')]//td/span[text()='{0}' and not(@class)]"
    }
  ]
}