{
  "Objects": [
    /*Mera Page*/
    {
      "Name": "Home_Button_Banner",
      "By": "css",
      "Value": "div.container:nth-of-type(2)"
    },
    {
      "Name": "Home_Search_Section",
      "By": "css",
      "Value": "div.container:nth-of-type(3)"
    },
    {
      "Name": "Home_Booking_Section",
      "By": "css",
      "Value": "div.container:nth-of-type(4)"
    },
    {
      "Name": "Home_WallChart_Section",
      "By": "css",
      "Value": "div.container:nth-of-type(1)"
    },
    {
      "Name": "SearchBox",
      "By": "xpath",
      "Value": "//div[contains(@class,'search-container-box')]//input[contains(@placeholder,'Search...')]"
    },
    {
      "Name": "SearchListItems",
      "By": "xpath",
      "Value": "//div[contains(@class,'search-container-box')]//li"
    },
    {
      "Name": "AppFooterText",
      "By": "xpath",
      "Value": "//div[@class='col-lg-12 col-md-12 col-md-12 col-xs-12 footer']"
    },
    {
      "Name": "FooterText1",
      "By": "xpath",
      "Value": "//div[text()='The MERA application is proprietary and confidential. For public use only. All Rights Reserved.']"
    },
    {
      "Name": "FooterText2",
      "By": "xpath",
      "Value": "//div[text()=' Data from Retain is refreshed daily after 3.30am. Bookings will be refreshed in the tool for every 3 hours in a day. ']"

    }

  ]
}