{
  "Objects": [
    { /*Common Page*/
      "Name": "icheader",
      "By": "xpath",
      "Value": "//span[text()='Integration Center']/ancestor::header",
      "DisplayName": "Integration Center header"
    },
    {
      "Name": "ic_myintegration_tile",
      "By": "xpath",
      "Value": "//div[contains(text(),'My Integrations')]/ancestor::div[2]",
      "DisplayName": "My Integration Tile"
    },
    { /* My integration Page */
      "Name": "ic_search",
      "By": "css",
      "Value": "input[title='Search integration by name']",
      "DisplayName": "Search Integration search box"
    },
    {
      "Name": "ic_package_select",
      "By": "xpath",
      "Value": "//span[contains(text(),'{0}')]/ancestor::tr[1]//button[contains(@aria-label,'Edit')]",
      "DisplayName": "Package selection"
    },
    { /* Integration Edit Page */
      "Name": "ic_reviewandrun_block",
      "By": "xpath",
      "Value": "//span[contains(text(),'Review and Run')]/ancestor::div[4]",
      "DisplayName": "Review and Run"
    },
    {
      "Name": "ic_runnow_button",
      "By": "xpath",
      "Value": "//bdi[text()='Run Now']/ancestor::button",
      "DisplayName": "Review and Run"
    },
    {
      "Name": "ic_fileLocation",
      "By": "xpath",
      "Value": "//bdi[contains(text(),'File Location:')]/ancestor::td[1]/span[2]",
      "DisplayName": "File Location"
    },
    {
      "Name": "ic_sftppath",
      "By": "xpath",
      "Value": "//bdi[contains(text(),'Host Address')]/ancestor::td[1]/span[2]",
      "DisplayName": "File Location"
    },
    {
      "Name": "ic_name",
      "By": "xpath",
      "Value": "//bdi[contains(text(),'Integration Name')]/ancestor::div[3]//input",
      "DisplayName": "Integration Name"
    },
    {
      "Name": "ic_dest_header",
      "By": "xpath",
      "Value": "//span[contains(text(),'Destination')]/ancestor::div[4]",
      "DisplayName": "Integration Name"
    },
    {
      "Name": "ic_dest_hostaddress",
      "By": "xpath",
      "Value": "//input[contains(@id,'idHostAddress')]",
      "DisplayName": "SFTP Path"
    },
    {
      "Name": "ic_dest_authtype",
      "By": "xpath",
      "Value": "//div[contains(@id,'idAuthe') and contains(@class,'sapMSltD')]",
      "DisplayName": "Authentication Type"
    },
    {
      "Name": "ic_dest_basicauth",
      "By": "xpath",
      "Value": "//ul[contains(@class,'sapMSelect')]/li[text()='Basic Authentication']",
      "DisplayName": "Basic Authentication"
    },
    {
      "Name": "ic_dest_username",
      "By": "xpath",
      "Value": "//input[contains(@id,'FTPUserName')]",
      "DisplayName": "SFTP User Name"
    },
    {
      "Name": "ic_dest_password",
      "By": "xpath",
      "Value": "//input[contains(@id,'FTPPassword')]",
      "DisplayName": "SFTP Password"
    },
    {
      "Name": "ic_dest_filefolder",
      "By": "xpath",
      "Value": "//input[contains(@id,'idFilePath')]",
      "DisplayName": "File Folder Path"
    },
    {
      "Name": "ic_Next",
      "By": "xpath",
      "Value": "//bdi[text()='Next']/ancestor::button",
      "DisplayName": "Next button"
    },
    {
      "Name": "ic_SetSchedule",
      "By": "xpath",
      "Value": "//bdi[text()='Set Schedule']/ancestor::button",
      "DisplayName": "Set Schedule button"
    },
    {
      "Name": "ic_sche_occur",
      "By": "xpath",
      "Value": "//div[contains(@id,'occurenceList') and contains(@class,'sapMSltD')]",
      "DisplayName": "occurence dropdown"
    },
    {
      "Name": "ic_sche_notscheduled",
      "By": "xpath",
      "Value": "//ul[contains(@class,'sapMSelect')]/li[text()='Suspended/Not Scheduled']",
      "DisplayName": "not scheduled option"
    },
    {
      "Name": "ic_save_icon",
      "By": "xpath",
      "Value": "//bdi[text()='Save']/ancestor::button[contains(@id,'Btn')]",
      "DisplayName": "Save Icon"
    },
    {
      "Name": "ic_save_btn",
      "By": "xpath",
      "Value": "//bdi[text()='Save']/ancestor::button[contains(@id,'Button')]",
      "DisplayName": "Save Button"
    },
    {
      "Name": "ic_save_confirm",
      "By": "xpath",
      "Value": "//bdi[text()='Save']/ancestor::button[contains(@id,'button')]",
      "DisplayName": "Save button in confirm"
    },
    {
      "Name": "ic_con_ok",
      "By": "xpath",
      "Value": "//bdi[text()='OK']/ancestor::button",
      "DisplayName": "Save Ok"
    }

  ]
}