{
  "Objects": [
    {
      "Name": "ModalWindow",
      "By": "css",
      "Value": "div.modal-content"
    },
    {
      "Name": "ModalTitle",
      "By": "css",
      "Value": "div.modal-content h4"
    },
    {
      "Name": "Modal_Close",
      "By": "css",
      "Value": "div.modal-content button.close"
    },
    {
      "Name": "Modal_Save",
      "By": "xpath",
      "Value": "//div[@class='modal-content']//button[contains(text(),'Save') or contains(text(),'save')]"
    },
    {
      "Name": "Modal_Copy",
      "By": "css",
      "Value": "div.modal-content button.splitBtn"
    },
    {
      "Name": "Modal_Submit",
      "By": "xpath",
      "Value": "//div[@class='modal-content']//button[contains(text(),'Submit')]"
    },
    {
      "Name": "Modal_AddResource",
      "By": "xpath",
      "Value": "//div[@class='modal-content']//button[contains(text(),'Add Resource')]"
    },
    {
      "Name": "Modal_Reset",
      "By": "xpath",
      "Value": "//div[@class='modal-content']//button[contains(text(),'Reset')]"
    },
    {
      "Name": "Modal_EngagementCategory",
      "By": "xpath",
      "Value": "//h4[text()='New Booking']/ancestor::modal-container//select"
    },
    {
      "Name": "Modal_Engagement",
      "By": "xpath",
      "Value": "//label[text()='Engagement']/..//input"
    },
    {
      "Name": "Modal_EngagementName",
      "By": "xpath",
      "Value": "//label[contains(text(),'Engagement Name')]/..//input"
    },
    {
      "Name": "Modal_Period",
      "By": "xpath",
      "Value": "//label[text()='Period']/..//input[not(@readonly)]"
    },
    {
      "Name": "Modal_Hour",
      "By": "xpath",
      "Value": "//label[contains(text(),'Hours')]/..//input[not(@readonly)]"
    },
    {
      "Name": "Modal_Unconfirmed",
      "By": "xpath",
      "Value": "//label[text()='Unconfirmed']/..//input[not(@readonly)]"
    },
    {
      "Name": "Modal_Description",
      "By": "xpath",
      "Value": "//label[text()='Notes Description']/..//input[not(@readonly)]"
    },
    {
      "Name": "Modal_ResourceName",
      "By": "xpath",
      "Value": "//label[contains(text(),'Resource')]/..//input[not(@readonly)]"
    },
    {
      "Name": "Modal_SelectAll",
      "By": "xpath",
      "Value": "//label[contains(text(),'Select All')]/..//input"
    },
    {
      "Name": "SelectCheckBox",
      "By": "xpath",
      "Value": "//label[contains(text(),'Select')]/..//input"
    },
    {
      "Name": "Booking_Row",
      "By": "xpath",
      "Value": "//span[contains(text(),'{0}')]/ancestor::tr"
    },
    {
      "Name": "Edit_Icon",
      "By": "xpath",
      "Value": ".//span[contains(@class,'k-i-pencil')]"
    },
    {
      "Name": "Replace_Icon",
      "By": "xpath",
      "Value": ".//span[contains(@class,'k-i-arrows-swap')]"
    },
    {
      "Name": "Copy_Icon",
      "By": "xpath",
      "Value": ".//span[contains(@class,'k-i-copy')]"
    },
    {
      "Name": "Delete_Icon",
      "By": "xpath",
      "Value": ".//span[contains(@class,'k-i-delete')]"
    },
    {
      "Name": "Modal_Text",
      "By": "css",
      "Value": "div.modal-content div[class*='col']"
    },
    {
      "Name": "Modal_Delete",
      "By": "css",
      "Value": "div.modal-content .deleteBtn"
    },
    {
      "Name": "Modal_Cancel",
      "By": "css",
      "Value": "div.modal-content .cancelBtn"
    },
    {
      "Name": "AddHour",
      "By": "css",
      "Value": "#split1 > div.col-lg-3.col-md-3.col-sm-3.col-xs-3.pl-0 > div > input"
    },

    {
      "Name": "InfoButton",
      "By": "xpath",
      "Value": "(//span[@title='info'])[1]"
    },
    //{
    //  "Name": "InfoBody",
    //  "By": "xpath",
    //  "Value": "/html/body/modal-container"
    //},

    //{
    //  "Name": "InfoTitle",
    //  "By": "xpath",
    //  "Value": "//div[@class='modal-body']//p"
    //},
    {
      "Name": "InfoLine1",
      "By": "xpath",
      "Value": "//div[@class='modal-body']//p"
    },
    {
      "Name": "InfoEditPencil",
      "By": "xpath",
      "Value": "//span[@class='editBack']"
    },
    {
      "Name": "InfoEditPencilText",
      "By": "xpath",
      "Value": "(//span[@class='pl-5'])[1]"
    },

    {
      "Name": "InfoSwapBack",
      "By": "xpath",
      "Value": "//span[@class='swapBack']"
    },
    {
      "Name": "InfoSwapBackText",
      "By": "xpath",
      "Value": "(//span[@class='pl-5'])[2]"
    },
    {
      "Name": "InfoCopy",
      "By": "xpath",
      "Value": "//span[@class='scissorBack']"
    },
    {
      "Name": "InfoCopyText",
      "By": "xpath",
      "Value": "(//span[@class='pl-5'])[3]"
    },
    {
      "Name": "InfoDelete",
      "By": "xpath",
      "Value": "//span[@class='deleteBack']"
    },
    {
      "Name": "InfoDeleteText",
      "By": "xpath",
      "Value": "(//span[@class='pl-5'])[4]"
    },
    {
      "Name": "InfoAdd",
      "By": "xpath",
      "Value": "//span[@class='addBack']"
    },
    {
      "Name": "InfoAddText",
      "By": "xpath",
      "Value": "(//span[@class='pl-5'])[5]"
    },
    //{
    //  "Name": "InfoClose",
    //  "By": "css",
    //  "Value": "button.close.pull-right"
    //},
    {
      "Name": "BottomInfoButton",
      "By": "xpath",
      "Value": "(//span[@title='info'])[2]"
    },
    //{
    //  "Name": "BottomInfoBody",
    //  "By": "xpath",
    //  "Value": "/html/body/modal-container"
    //},

    //{
    //  "Name": "BottomInfoTitle",
    //  "By": "xpath",
    //  "Value": "/html/body/modal-container/div/div/div[1]/h4"
    //},
    {
      "Name": "BottomInfoLine1",
      "By": "xpath",
      "Value": "(//div[@class='modal-body']//div)[1]"
    },
    {
      "Name": "BottomInfoEngCat",
      "By": "xpath",
      "Value": "//th[text()='Engagement Category']"
    },
    {
      "Name": "BottomInfoConfirmed",
      "By": "xpath",
      "Value": "//th[text()='Confirmed']"
    },
    {
      "Name": "BottomInfoUnConfirmed",
      "By": "xpath",
      "Value": "//th[text()='Unconfirmed*']"
    },
    {
      "Name": "BottomInfoChargeable",
      "By": "xpath",
      "Value": "//td[text()='Chargeable']"
    },
    {
      "Name": "BottomInfoBlue",
      "By": "xpath",
      "Value": "//span[@class='blueLabel']"
    },
    {
      "Name": "BottomInfoLightBlue",
      "By": "xpath",
      "Value": "//span[@class='lightBlueLabel']"
    },
    {
      "Name": "BottomInfoAuthorised",
      "By": "xpath",
      "Value": "//td[text()='Authorised Project']"
    },
    {
      "Name": "BottomInfoYellow",
      "By": "xpath",
      "Value": "//span[@class='yellowLabel']"
    },
    {
      "Name": "BottomInfoLightYellow",
      "By": "xpath",
      "Value": "//span[@class='lightYellowLabel']"
    },
    {
      "Name": "BottomInfoNoChargeable",
      "By": "xpath",
      "Value": "//td[text()='Non-Chargeable']"
    },
    {
      "Name": "BottomInfoGreen",
      "By": "xpath",
      "Value": "//span[@class='greenLabel']"
    },
    {
      "Name": "BottomInfoLightGreen",
      "By": "xpath",
      "Value": "//span[@class='lightGreenLabel']"
    },
    {
      "Name": "BottomInfoTrainingSF",
      "By": "xpath",
      "Value": "//td[text()='Training Courses from Success Factors']"
    },

    {
      "Name": "BottomInfoPurple",
      "By": "xpath",
      "Value": " //span[@class='purpleLabel']"
    },
    {
      "Name": "BottomInfoPurpleBlank",
      "By": "xpath",
      "Value": "(//modal-container//td[3])[4]"
    },
    {
      "Name": "BottomInfoRequest",
      "By": "xpath",
      "Value": "//td[text()='Requests yet to be processed']"
    },
    {
      "Name": "BottomInfoGrey",
      "By": "xpath",
      "Value": "//span[@class='greyLabel']"
    },
    {
      "Name": "BottomInfoGreyBlank",
      "By": "xpath",
      "Value": "(//modal-container//td[3])[5]"
    },
    {
      "Name": "BottomInfoOverlap",
      "By": "xpath",
      "Value": "//td[text()='Overlap between processed request and pending request. Pending request yet to be processed.']"
    },
    {
      "Name": "BottomInfoZigzag",
      "By": "xpath",
      "Value": "//span[@class='ZigZagLabel']"
    },
    {
      "Name": "BottomInfoZigzagBlank",
      "By": "xpath",
      "Value": "(//modal-container//td[3])[6]"
    },

    {
      "Name": "BottomInfolastline1",
      "By": "xpath",
      "Value": "(//div[@class='modal-body']//div)[2]"
    }
    //{
    //  "Name": "BottomInfolastline2",
    //  "By": "xpath",
    //  "Value": "/html/body/modal-container/div/div/div[2]/div[2]/span[2]"
    //},
    

  ]
}