{
  "Objects": [
    {
      "Name": "Table_Rows",
      "By": "xpath",
      "Value": "//table[@class='k-grid-table']//span[contains(text(),'{0}')]/ancestor::tr"
    },
    {
      "Name": "Table_Edit",
      "By": "xpath",
      "Value": "//div[@class='row']//tbody/tr//span[contains(@class,'pencil')]/.."
    },
    {
      "Name": "Table_Copy",
      "By": "xpath",
      "Value": "//div[@class='row']//tbody/tr//span[contains(@class,'copy')]/.."
    },
    {
      "Name": "Table_Replace",
      "By": "xpath",
      "Value": "//div[@class='row']//tbody/tr//span[contains(@class,'arrows-swap')]/.."
    },
    {
      "Name": "Table_Delete",
      "By": "xpath",
      "Value": "//div[@class='row']//tbody/tr//span[contains(@class,'delete')]/.."
    },
    {
      "Name": "Expand_Icon",
      "By": "xpath",
      "Value": ".//a[contains(@class,'k-plus')]/.."
    },
    {
      "Name": "FirstRow",
      "By": "xpath",
      "Value": "//table[@class='k-grid-table']//tr[1]"
    },
    {
      "Name": "SingleRecord",
      "By": "xpath",
      "Value": "//table[@class='k-grid-table']//span[contains(text(),'{0}')]/ancestor::tr"
    },
    {
      "Name": "ParentRecord",
      "By": "xpath",
      "Value": "//table[@class='k-grid-table']//span[contains(text(),'{0}')]/ancestor::tr//td[1][not(not(*))]/.."
    },
    {
      "Name": "ChildRecord",
      "By": "xpath",
      "Value": "//tr//table[@class='k-grid-table']//span[contains(text(),'{0}')]/ancestor::tr//td[1][not(not(*))]/.."
    },
    {
      "Name": "ParentExpand",
      "By": "xpath",
      "Value": "//table[@class='k-grid-table']//span[contains(text(),'{0}')]/ancestor::tr//td[1]/a"
    }
  ]
}